"ABSORB", "leathercare set"
"ADDE", "chair"
"ADDE", "table and 2 chairs"
"ADDE", "table and 4 chairs"
"ÄDELSTEN", "mortar and pestel"
"ÅDERBLAD", "panel curtain"
"ADMETE", "chair pad"
"ÅDUM", "rug, high pile"
"ÅFJÄRDEN", "bath sheet"
"ÅFJÄRDEN", "bath towel"
"ÅFJÄRDEN", "hand towel"
"ÅFJÄRDEN", "washcloth"
"AGAM", "junior chair"
"AGEN", "armchair"
"AGGERSUND", "shower curtain"
"ÄGGPLANTA", "planter"
"AINA", "curtains, 1 pair"
"AINA", "fabric"
"ÅKERKULLA", "cushion"
"ÅKERKULLA", "cushion cover"
"ÅKERKULLA", "panel curtain"
"ÅKERKULLA", "shower curtain"
"ÅKERTISTEL", "duvet cover and pillowcase(s)"
"AKTAD", "cake stand with lid"
"AKUT", "3-piece kitchen utensil set"
"ALÄNG", "ceiling lamp"
"ALÄNG", "series"
"ALÄNG", "wall lamp"
"ALBERGET", "carpet protector"
"ALDERN", "cabinet, countertop, 19 5/8" sink"
"ALDERN", "countertop"
"ALDERN", "vanity, countertop and 17 3/4" sink"
"ALESKÄR", "kitchen faucet"
"ALEX", "add-on unit"
"ALEX", "desk"
"ALEX", "drawer unit"
"ALEX", "drawer unit/drop file storage"
"ALEX", "drawer unit on casters"
"ALEX", "drawer unit with 9 drawers"
"ÄLGHULT", "ceiling lamp"
"ÄLGHULT", "pendant lamp, 3-armed"
"ALGOT", "system"
"ALGOT", "wall upright and basket"
"ALGOT", "wall upright, shelf and basket"
"ALGOT", "wall upright, shelf and hook"
"ALGOT", "wall upright, shelf and triple hook"
"ALGOT", "wall upright/shelves"
"ALHEDE", "rug, high pile"
"ALINA", "bedspread and cushion cover"
"ALKALISK", "alkaline battery"
"ALLEHANDA", "mixing bowl with lid"
"ÄLMSTA", "chair"
"ÄLMSTA", "table and 4 chairs"
"ALMSTED", "rug, low pile"
"ALOE", "VERA potted plant"
"ALRIK", "swivel chair"
"ALSEDA", "stool"
"ÄLVÄNGEN", "series"
"ALVINE", "rug, flatwoven"
"ALVINE", "series"
"ALVINE", "SPETS lace curtains, 1 pair"
"ALVINE", "STRÅ duvet cover and pillowcase(s)"
"ÄLVSBYN", "LED chandelier"
"AMMERÖ", "storage bench, outdoor"
"ÄMTEVIK", "lamp shade"
"ANDFISKÅ", "bed riser"
"ÄNDLIG", "3-piece knife set"
"ANEBODA", "wardrobe"
"ÄNGSÖ", "series"
"ÄNGSÖ", "table + 4 reclining chairs, outdoor"
"ÄNGSÖ", "table + 6 reclining chairs, outdoor"
"ÄNGSSKÄRA", "duvet cover and pillowcase(s)"
"ÄNGSVIDE", "mattress protector"
"ÄNGSVIDE", "pillow protector"
"ANNIKEN", "fabric"
"ANNONS", "5-piece cookware set"
"ANNONS", "pot with lid"
"ANNO", "SANELA panel curtain"
"ANNO", "TUPPLUR panel curtain"
"ANNVY", "chair pad"
"ANSLUTA", "electronic transformer"
"ANSLUTA", "intermediate connection cord"
"ANSLUTA", "power supply cord"
"ANSLUTA", "remote control"
"ANTAGEN", "dishwashing brush"
"ANTHURIUM", "potted plant"
"ANTIFONI", "floor/reading lamp"
"ANTIFONI", "work lamp"
"ANTILOP", "highchair tray"
"ANTILOP", "highchair with safety belt"
"ANTILOP", "highchair with tray"
"ANTONIUS", "basket insert"
"ANTONIUS", "frame"
"ANTONIUS", "frame and wire baskets"
"ANTONIUS", "wire basket"
"APELVIKEN", "shelf unit"
"ÄPPLARÖ", "4-seat sofa with footstool, outdoor"
"ÄPPLARÖ", "5-seat sectional, outdoor"
"ÄPPLARÖ", "armchair, outdoor"
"ÄPPLARÖ", "bench with backrest, outdoor"
"ÄPPLARÖ", "bench with storage bag, outdoor"
"ÄPPLARÖ", "drop-leaf table, outdoor"
"ÄPPLARÖ", "loveseat, outdoor"
"ÄPPLARÖ", "outdoor furniture"
"ÄPPLARÖ", "reclining chair, outdoor"
"ÄPPLARÖ", "sofa, outdoor"
"ÄPPLARÖ", "storage cabinet, outdoor"
"ÄPPLARÖ", "table, 2 armchairs and bench"
"ÄPPLARÖ", "table+ and 8 reclining chairs"
"APTITLIG", "butcher block"
"APTITLIG", "chopping board"
"ÄRENPRIS", "pillow, firmer"
"ÄRENPRIS", "pillow, softer"
"ARHOLMA", "seat pad, outdoor"
"ARHOLMA", "series"
"ARKELSTORP", "series"
"ARÖD", "floor/reading lamp"
"ARÖD", "work lamp"
"ÅRSTID", "ceiling lamp"
"ÅRSTID", "floor lamp"
"ÅRSTID", "pendant lamp, 3-armed"
"ÅRSTID", "series"
"ÅRSTID", "wall lamp"
"ARVIKA", "footstool"
"ARV", "series"
"ASKHOLMEN", "flower box with trellis, outdoor"
"ASKHOLMEN", "series"
"ASKHOLMEN", "table+2 chairs, outdoor"
"ASKVOLL", "series black-brown/white"
"ASKVOLL", "series white stained oak effect/white"
"ASPEKT", "knife sharpener"
"ÅSUNDEN", "laundry basket"
"ÄTBART", "20-piece flatware set"
"ÅTGÅNG", "vase"
"ATLANT", "waste strainer"
"ATTEST", "handle"
"ATTEST", "knob"
"AVDALA", "bookcase"
"AVSKILD", "place mat"
"AXAG", "pillow, firmer"
"AXAG", "pillow, softer"
"BACKARYD", "table"
"BACKARYD", "table and 4 chairs"
"BACKARYD", "table and 6 chairs"
"BACKARYD", "underframe"
"BADAREN", "bathmat"
"BADET", "baby towel with hood"
"BAGGÖN", "hanging umbrella with base"
"BAGGÖN", "umbrella, hanging"
"BAGIS", "children's coat-hanger"
"BAGIS", "hanger, indoor/outdoor"
"BAKELSE", "PRINSESS cream cake with marzipan"
"BALKARP", "sofa bed"
"BANDBLAD", "memory foam pillow"
"BÄRBAR", "tray"
"BAREN", "toilet brush"
"BÅRING", "rug underlay with anti-slip"
"BARNSLIG", "mirror"
"BARNVIKEN", "bathmat"
"BAROMETER", "ceiling track, 5-spots"
"BAROMETER", "floor/reading lamp"
"BAROMETER", "work lamp"
"BARSÖ", "pot trellis"
"BARSÖ", "trellis"
"BARSÖ", "trellis with base plate"
"BARVALLA", "bathmat"
"BASISK", "ceiling track, 3 spotlights"
"BASISK", "series"
"BASNÄS", "rug, flatwoven"
"BASSHOLMA", "picture"
"BÄSTIS", "hook"
"BÄSTIS", "lint roller"
"BÄSTIS", "lint roller refill"
"BÅTSFJORD", "leg"
"BÄVE", "LED ceiling track, 3 spots"
"BEAUCARNEA", "RECURVATA potted plant"
"BEBOELIG", "children's tent"
"BEDDINGE", "LÖVÅS mattress"
"BEDDINGE", "LÖVÅS sofa bed"
"BEDDINGE", "sofa bed frame"
"BEDDINGE", "sofa bed slipcover"
"BEFOGAD", "finials, 1 pair"
"BEGÄRLIG", "vase"
"BEHAGFULL", "20-piece flatware set"
"BEHÅLLARE", "water bottle"
"BEHÄNDIG", "glass"
"BEHANDLA", "beeswax polish"
"BEKANT", "5-sided desk"
"BEKANT", "5-sided desk, sit/stand"
"BEKANT", "conference table"
"BEKANT", "corner desk-left"
"BEKANT", "corner desk left sit/stand"
"BEKANT", "corner desk-right"
"BEKANT", "corner desk right sit/stand"
"BEKANT", "desk"
"BEKANT", "desk sit/stand"
"BEKANT", "desktop shelf"
"BEKANT", "screen for desk"
"BEKANT", "system"
"BEKVÄM", "kitchen cart"
"BEKVÄM", "spice rack"
"BEKVÄM", "stepladder, 3 steps"
"BEKVÄM", "step stool"
"BENUNGE", "measuring cup"
"BERGSTENA", "countertop, double-sided"
"BERNHARD", "bar stool with backrest"
"BERNHARD", "chair"
"BERNHARD", "table and 4 chairs"
"BERNHARD", "table and 6 chairs"
"BERTA", "plastic-coated fabric"
"BERTA", "RUTA fabric"
"BERTIL", "chair pad"
"BESKUREN", "dish towel"
"BESKUREN", "tablecloth"
"BESKYDDA", "high visibility vest"
"BESÖKA", "tray"
"BESTÅ", "BURS desk"
"BESTÅ", "BURS drawer unit on casters"
"BESTÅ", "BURS TV unit"
"BESTÅ", "BURS wall shelf"
"BESTÅ", "BURS workstation"
"BESTÅENDE", "series"
"BESTÅ", "shelf unit with door"
"BESTÅ", "shelf unit with doors"
"BESTÅ", "storage combination w doors/drawers"
"BESTÅ", "storage combination w/glass doors"
"BESTÅ", "storage combination with doors"
"BESTÅ", "storage combination with drawers"
"BESTÅ", "system"
"BESTÅ", "TV bench with doors"
"BESTÅ", "TV bench with doors and drawers"
"BESTÅ", "TV storage combination"
"BESTÅ", "TV storage combination/glass doors"
"BESTÅ", "TV unit"
"BESTÅ", "TV unit with drawers"
"BETEENDE", "decorative vase"
"BETEENDE", "vase"
"BETRAKTA", "table mirror with storage"
"BETRODD", "bottom freezer"
"BETRODD", "double oven range/ceramic cooktop"
"BETRODD", "integrated dishwasher"
"BETRODD", "microwave oven with extractor fan"
"BETRODD", "range w/double oven and gas cooktop"
"BETRODD", "range with ceramic cooktop"
"BETRODD", "range with gas cooktop"
"BETYDLIG", "RÄCKA HUGAD series"
"BETYDLIG", "wall/ceiling bracket"
"BEVARA", "sealing clip"
"BEVARA", "sealing clip, set of 30"
"BIGARRÅ", "plant pot with saucer"
"BILD", "FJÄLLSTA poster"
"BILD", "poster"
"BILLINGEN", "drawer insert"
"BILLSTA", "bar table"
"BILLSTA", "star base"
"BILLSTA", "table"
"BILLSTA", "table and 4 chairs"
"BILLSTA", "table top"
"BILLSTA", "table with 2 tops"
"BILLSTA", "underframe"
"BILLY", "series"
"BISPGÅRDEN", "picture"
"BISSA", "shoe cabinet with 2 compartments"
"BISSA", "shoe cabinet with 3 compartments"
"BITNIK", "wall clock"
"BITRÄDE", "shelving unit"
"BITTERGURKA", "series"
"BJÄRNUM", "folding hook"
"BJÄRNUM", "hook"
"BJÖRKSNÄS", "rug, flatwoven"
"BJÖRKUDDEN", "bar table"
"BJORLI", "leg"
"BJÖRNÅN", "shower curtain"
"BJÖRNLOKA", "duvet cover and pillowcase(s)"
"BJÖRNLOKA", "FIGUR cushion cover"
"BJÖRNLOKA", "rug, flatwoven"
"BJÖRNLOKA", "RUTA duvet cover and pillowcase(s)"
"BJURSNÄS", "table"
"BJURSTA", "bar table and 4 bar stools"
"BJURSTA", "series"
"BJURSTA", "table and 1 stool"
"BJURSTA", "table and 2 chairs"
"BJURSTA", "table and 4 chairs"
"BJURSTA", "table and 6 chairs"
"BLADET", "vase"
"BLADIS", "basket"
"BLADIS", "box with lid"
"BLÄDJAN", "bath sheet"
"BLÄDJAN", "bath towel"
"BLÄDJAN", "hand towel"
"BLÄDJAN", "washcloth"
"BLÅHAJ", "soft toy"
"BLÅMES", "highchair with tray"
"BLANDA", "series"
"BLANDNING", "lunch box for salad"
"BLANKETT", "handle"
"BLANKSJÖN", "bathmat"
"BLASKA", "dust pan and brush"
"BLASKA", "laundry basket"
"BLÅST", "finials, 1 pair"
"BLÅVIK", "LED wall lamp"
"BLÅVIK", "LED wall lamp with mirror"
"BLECKA", "hook"
"BLEKVIDE", "comforter, cooler"
"BLEKVIDE", "comforter, warmer"
"BLEKVIVA", "curtains with tie-backs, 1 pair"
"BLOMSTERRIK", "bowl"
"BLOMSTERRIK", "glass"
"BLOMSTERRIK", "plate"
"BLOMSTER", "series"
"BOHOLMEN", "1 1/2 bowl inset sink with drainer"
"BOHOLMEN", "1 bowl inset sink with drainer"
"BOHOLMEN", "2 bowl inset sink with drainer"
"BOHOLMEN", "chopping board"
"BOHOLMEN", "colander"
"BOHOLMEN", "dish drainer and flatware basket"
"BOHOLMEN", "double-bowl inset sink"
"BOHOLMEN", "inset sink 1 1/2 bowl"
"BOHOLMEN", "rinsing tub"
"BOHOLMEN", "single-bowl inset sink"
"BOHOLMEN", "washing and rinsing basket"
"BÖJA", "floor lamp"
"BÖJA", "pendant lamp"
"BÖJA", "table lamp"
"BOKSEL", "coffee table"
"BOKVIK", "bath sheet"
"BOKVIK", "bath towel"
"BOKVIK", "hand towel"
"BOKVIK", "shower curtain"
"BOKVIK", "washcloth"
"BOLLTISTEL", "duvet cover and pillowcase(s)"
"BOLLTISTEL", "fabric"
"BOLMÅN", "bath sheet"
"BOLMÅN", "bath towel"
"BOLMÅN", "hand towel"
"BOLMÅN", "shower curtain"
"BOLMÅN", "washcloth"
"BOLMEN", "series"
"BOMULL", "fabric"
"BONDIS", "wall clock"
"BORGHILD", "sheer curtains, 1 pair"
"BÖRJA", "5-piece place setting"
"BÖRJA", "feeding and baby spoon"
"BÖRJA", "training cup"
"BÖRJE", "chair"
"BÖRJE", "table and 4 chairs"
"BÖRJE", "table and 6 chairs"
"BORRBY", "lantern for block candle"
"BORRIS", "door mat"
"BOSNÄS", "footstool with storage"
"BOSSE", "bar stool"
"BOTKYRKA", "wall shelf"
"BRÄCKA", "scented candle in glass"
"BRÄDA", "laptop support"
"BRALLER", "alarm clock"
"BRALLIS", "clothes-hanger"
"BRAMSÖN", "umbrella base"
"BRAMSÖN", "umbrella with base"
"BRANÄS", "basket"
"BRANÄS", "laundry basket with lining"
"BRÅN", "table lamp base"
"BRÅVIKEN", "sink, 1 bowl"
"BRÅVIKEN", "sink, 2 bowls"
"BRAVUR", "wall clock"
"BREDSKÄR", "chopping board"
"BREDSKÄR", "colander"
"BREDSKÄR", "single-bowl inset sink"
"BREDVID", "paper napkin"
"BREIM", "wardrobe"
"BRICKAN", "mirror cabinet"
"BRICKAN", "mirror with storage unit"
"BRICKAN", "wall shelf"
"BRIMNES", "daybed frame with 2 drawers"
"BRIMNES", "headboard with storage compartment"
"BRIMNES", "series"
"BRINGEN", "shower curtain rings"
"BRÖD", "MJUKKAKA soft wheat bread, frozen"
"BROKÖ", "fire pit, outdoor"
"BROMELIACEAE", "potted plant"
"BROMMÖ", "chaise, outdoor"
"BRORINGE", "underframe"
"BRUMBJÖRN", "baby blanket"
"BRUMMA", "soft toy with clothes"
"BRUNKRISSLA", "duvet cover and pillowcase(s)"
"BRUSALI", "series"
"BRYGGKAFFE", "MELLANROST decaffeinated coffee"
"BRYGGKAFFE", "MELLANROST ground coffee, medium roast"
"BRYGGKAFFE", "MÖRKROST ground coffee, dark roast"
"BRYNE", "net"
"BRYNET", "LED picture light"
"BULLIG", "box"
"BULLRA", "18-piece dinnerware set"
"BUMERANG", "hanger"
"BUMERANG", "pants hanger"
"BUMERANG", "pants/skirt hanger"
"BUMERANG", "shoulder shaper for hanger"
"BUNSÖ", "children's chair, outdoor"
"BURKEN", "jar with lid"
"BUSA", "children's tent"
"BUSA", "play tunnel"
"BUSBASSE", "book-end"
"BUSUNGE", "series"
"BYARUM", "picture"
"BYÅS", "TV unit"
"BYGEL", "container"
"BYGEL", "series"
"BYHOLMA", "basket"
"BYHOLMA", "chair"
"BYHOLMA", "chest"
"BYLLAN", "laptop support"
"CACTACEAE", "potted plant"
"CAJA", "tablecloth"
"CALYPSO", "ceiling lamp"
"CAPITA", "bracket"
"CENTIGRAD", "LED ceiling spotlight with 3 spots"
"CENTIGRAD", "LED ceiling track, 3 spots"
"CHAMAEDOREA", "ELEGANS potted plant"
"CHARMTROLL", "collection"
"Children's", "Textiles collection April 13"
"Children's", "Textiles collection August"
"Children's", "Textiles collection February 14"
"CHOKLADKROKANT", "BREDBAR chocolate butterscotch spread"
"CHOKLAD", "LINGON & BLÅBÄR chocolate w lingon/blueberry flavor"
"CHOSIGT", "funnel, set of 2"
"CHOSIGT", "grater with container"
"CHOSIGT", "ice-cream scoop"
"CHOSIGT", "ice pop maker"
"CIDER", "ÄPPLE apple cider 0.1%"
"CILLA", "chair pad"
"CIRKUSTÄLT", "children's tent"
"CRASSULA", "potted plant"
"CYCLAMEN", "potted plant"
"CYLINDER", "vase"
"CYLINDER", "vase/bowl, set of 3"
"CYLINDER", "vase, set of 3"
"DAGARN", "footstool"
"DAGARN", "loveseat with chaise"
"DAGARN", "sofa"
"DAGOTTO", "footrest"
"DAGSTORP", "corner sofa 2+2"
"DAGSTORP", "loveseat and chaise"
"DAGSTORP", "sofa"
"DALFRED", "bar stool"
"DALSHULT", "table"
"DALSHULT", "table and 4 chairs"
"DALSHULT", "underframe"
"DALSKÄR", "bath faucet with strainer"
"DÄNKA", "ironing board"
"DANNSKÄR", "bath faucet with strainer"
"DANSA", "disco ball with LED light"
"DANSBO", "cushion cover"
"DÅTID", "exhaust hood"
"DEKAD", "alarm clock"
"DEKAD", "wall clock"
"DESSERT", "measuring cups, set of 4"
"DESSERT", "measuring spoons, set of 4"
"DETOLF", "glass-door cabinet"
"DIETMAR", "underframe for armchair"
"DIGNITET", "curtain wire"
"DIGNITET", "support/corner fixture"
"DILLVIPPA", "chopping board, set of 2"
"DIMMA", "cord dimmer"
"DIMPA", "recycling bag"
"DIMPA", "storage bag"
"DINERA", "series"
"DIODER", "LED 4-piece light strip set"
"DIODER", "LED light strip, flexible"
"DIODER", "LED multi-use light"
"DIODER", "series"
"DIOD", "glass"
"DIREKT", "3-piece kitchen utensil set"
"DITO", "20-piece flatware set"
"DITTE", "fabric"
"DJUPVIK", "cushion"
"DOCKSTA", "PS 2012 table and 4 chairs"
"DOCKSTA", "table"
"DOCKSTA", "table and 4 chairs"
"DOFTA", "potpourri"
"DOFTA", "potpourri in a box"
"DOFTRANKA", "cushion cover"
"DOFTRANKA", "duvet cover and pillowcase(s)"
"DOKUMENT", "series"
"DOLD", "single portion sugar shaker"
"DOMBÅS", "wardrobe"
"DOMSJÖ", "chopping board"
"DOMSJÖ", "colander"
"DOMSJÖ", "double bowl"
"DOMSJÖ", "single-bowl inset sink"
"DOMSJÖ", "sink bowl"
"DORTHY", "cushion cover"
"DORTHY", "fabric"
"DRACAENA", "MARGINATA potted plant"
"DRACAENA", "MASSANGEANA potted plant"
"DRACAENA", "plant"
"DRAGAN", "2-piece bathroom dish set"
"DRAGAN", "box, set of 3"
"DRAGAN", "soap dish"
"DRAGAN", "soap dispenser"
"DRAGAN", "toothbrush holder"
"DRAGGAN", "cart"
"DRAGON", "children's 3-piece flatware set"
"DRAGON", "series"
"DRAGÖR", "rug, flatwoven"
"DRÄLLA", "bendable chopping board"
"DRAMSELVA", "shower curtain"
"DRIFTIG", "bowl"
"DRIFTIG", "plate"
"DRIFTIG", "side plate"
"DRÖMMAR", "series"
"DRÖNA", "box"
"DROPPAR", "jar with lid"
"DROPPAR", "series"
"DROPS", "collage frame for 7 photos"
"DRUVFLÄDER", "bowl"
"DRUVFLÄDER", "decoration, vase"
"DRUVFLÄDER", "hanging planter"
"DRUVFLÄDER", "plant pot"
"DRYCK", "APELSIN orange drink"
"DRYCK", "BLÅBÄR blueberry drink"
"DRYCK", "BLÅBÄR blueberry syrup"
"DRYCK", "BUBBEL ÄPPLE & LINGON sparkling apple & lingonberry drink"
"DRYCK", "BUBBEL PÄRON sparkling pear drink"
"DRYCK", "FLÄDER elderflower drink"
"DRYCK", "FLÄDER elderflower syrup"
"DRYCK", "HALLON raspberry drink"
"DRYCK", "LINGON lingonberry drink"
"DRYCK", "LINGON lingonberry syrup"
"DRYCK", "NYPON rosehip drink"
"DRYCK", "PÄRON pear drink"
"DUDERÖ", "floor lamp"
"DUKEN", "bed frame"
"DUKNING", "serving plate"
"DUKTIG", "series"
"DUNSÖN", "cart with trellis"
"DUVTRÄD", "bedspread/blanket"
"DVALA", "duvet cover and pillowcase(s)"
"DVALA", "fitted sheet"
"DVALA", "pillowcase"
"DVALA", "pillowcase for memory foam pillow"
"DVALA", "sheet set"
"DVÄRGPALM", "cushion cover"
"DYNING", "canopy"
"DYNING", "wind-/sunshield"
"Easy", "to prepare collection"
"EBBARED", "battery-operated clamp spotlight"
"EDEBOVIKEN", "sink, 1 bowl"
"EDEBOVIKEN", "sink, 2 bowls"
"EDSVALLA", "decoration for lamp shade, set 10"
"EDSVIK", "dual control kitchen faucet"
"EFTERFRÅGAD", "vacuum food container"
"EFTERRÄTT", "finials, 1 pair"
"EFTERSÖKT", "travel mug"
"EGERSTA", "picture"
"EGGEGRUND", "shower curtain"
"EIVOR", "CIRKEL rug, high pile"
"EIVOR", "throw"
"EKARP", "floor lamp base"
"EKARP", "table lamp base"
"EKÅS", "lamp shade"
"EKBACKEN", "countertop"
"EKBACKEN", "countertop, double-sided"
"EKBY", "ALEX / EKBY LERBERG shelf with drawer"
"EKBY", "ALEX shelf with drawers"
"EKBY", "HÅLL bracket"
"EKBY", "HEMNES / EKBY HÅLL wall shelf"
"EKBY", "HENSVIK bracket"
"EKBY", "JÄRPEN / EKBY BJÄRNUM wall shelf"
"EKBY", "LAIVA / EKBY HÅLL shelf"
"EKBY", "LAIVA / EKBY VALTER shelf"
"EKBY", "MOSSBY / EKBY BJÄRNUM wall shelf"
"EKBY", "ÖSTEN / EKBY HENSVIK wall shelf"
"EKBY", "ÖSTEN / EKBY LERBERG wall shelf"
"EKBY", "ÖSTEN / EKBY VALTER wall shelf"
"EKBY", "shelf bar"
"EKBY", "TONY / EKBY BJÄRNUM wall shelf"
"EKENÄS", "chair"
"EKENÄS", "footstool"
"EKERÖ", "chair"
"EKERÖN", "chair pad, outdoor"
"EKERÖN", "chaise pad"
"EKERÖN", "seat/back pad, outdoor"
"EKNE", "mirror"
"EKNE", "room divider"
"EKOLN", "soap dish"
"EKOLN", "soap dispenser"
"EKOLN", "toothbrush holder"
"EKORRE", "hanging seat with air element"
"EKORRE", "hook, 2-pack"
"EKORRE", "rocking moose"
"EKTORP", "series"
"ELDBLOMMA", "cushion cover"
"ELDIG", "4 burner gas cooktop"
"ELDIG", "4 element glass ceramic cooktop"
"ELDSHULT", "floor lamp"
"ELDSHULT", "table lamp"
"ELLY", "dish towel"
"ELSABO", "decorative stickers"
"ELSEBET", "chair pad"
"ELVERDAM", "kitchen faucet"
"ELVERDAM", "single lever kitchen faucet"
"EMELINA", "panel curtain"
"EMMIE", "RAND fabric"
"EMMIE", "ROS fabric"
"EMMIE", "RUTA duvet cover and pillowcase(s)"
"EMSEN", "double bowl corner sink"
"ENIGT", "apron"
"ENIGT", "milk/cream pitcher"
"ENIGT", "napkin"
"ENIGT", "oven mitt"
"ENIGT", "series"
"ENIGT", "tablecloth"
"ENSEN", "bath faucet with strainer"
"ENSIDIG", "vase"
"ENTRERÄTT", "finials, 1 pair"
"ENUDDEN", " bathroom series"
"ENUDDEN", "hallway series"
"ENVIS", "pastry brush, set of 2"
"ERBIUM", "ceiling lamp"
"ERFORDERLIG", "lunch bag"
"ERIKSDAL", "handle"
"ERIKSDAL", "knob"
"ERIK", "series"
"ERIKSLUND", "picture"
"ERNFRID", "underframe"
"ERSÄTTA", "block candle holder"
"ERSKA", "sofa bed"
"ESPEVÄR", "slatted mattress base"
"ESPRESSOKAFFE", "Espresso"
"EVENTUELL", "built-in extractor hood"
"FABLER", "3-piece flatware set"
"FABLER", "BJÖRN soft toy"
"FABRIKÖR", "glass-door cabinet"
"FABULÖS", "glass"
"FADO", "table lamp"
"FÅGLAVIK", "handle"
"FÅGLAVIK", "knob"
"FÅGLEBODA", "handle"
"FALKHÖJDEN", "add-on unit for desk"
"FALKHÖJDEN", "desk"
"FALKHÖJDEN", "desk with add-on unit"
"FALSTER", "armchair, outdoor"
"FALSTER", "bench, outdoor"
"FALSTER", "chair, outdoor"
"FALSTER", "chaise"
"FALSTER", "reclining chair, outdoor"
"FALSTER", "series"
"FALSTER", "table, 2 chairs and bench, outdoor"
"FALSTER", "table+2 chairs, outdoor"
"FALSTER", "table + 4 reclining chairs, outdoor"
"FALSTER", "table + 6 reclining chairs, outdoor"
"FALSTER", "table and 4 armchairs, outdoor"
"FALSTER", "table, outdoor"
"FAMNIG", "HJÄRTA cushion"
"FANTASIVÄRLD", "glove puppet"
"FANTASTISK", "napkin holder for 50 napkins"
"FANTASTISK", "paper napkin"
"FANTAST", "meat thermometer/timer"
"FÅRDRUP", "faux sheepskin"
"FÄRGGLAD", "children's chair"
"FÄRGGRANN", "notebook"
"FÄRGLAV", "bath sheet"
"FÄRGLAV", "bath towel"
"FÄRGLAV", "duvet cover and pillowcase(s)"
"FÄRGLAV", "hand towel"
"FÄRGLAV", "shower curtain"
"FÄRGLAV", "washcloth"
"FÄRGRIK", "series"
"FÄRGTON", "series"
"FARLIG", "pitcher with lid"
"FAVORIT", "coffee cup and saucer"
"FAVORIT", "tray"
"FÄVREN", "shower basket"
"FEJAN", "chair, outdoor"
"FEJKA", "artificial potted plant"
"FEJKA", "artificial potted plant with pot"
"FEJS", "wall clock"
"FENOMEN", "unscented block candle"
"FENOMEN", "unscented block candle, set of 5"
"FEODOR", "swivel chair with armrests"
"FERLE", "rug, low pile"
"FESTLIGHET", "margarita glass"
"FESTMÅLTID", "lunch box"
"FICUS", "MICROCARPA GINSENG plant with pot"
"FILLSTA", "pendant lamp"
"FILLSTA", "table lamp"
"FILUR", "bin with lid"
"FINFIN", "LED decorative light chain,15 balls"
"FINGAL", "swivel chair"
"FINLIR", "picture holders"
"FINNBY", "bookcase"
"FINNERYD", "picture, set of 2"
"FINNTORP", "chair"
"FINTORP", "condiment stand"
"FINTORP", "hook"
"FINTORP", "rail"
"FINTORP", "series"
"FINURLIG", "fabric swatch"
"FIRANDE", "bowl"
"FIRANDE", "vase"
"FISKÖ", "umbrella base"
"FIXA", "2-piece tool set"
"FIXA", "countertop support fixture"
"FIXA", "diffusion barrier"
"FIXA", "drill template"
"FIXA", "paint brush set"
"FIXA", "series"
"FJÄDERMOLN", "cushion"
"FJÄDRAR", "inner cushion"
"FJÄLKINGE", "chest of drawers with 2 drawers"
"FJÄLKINGE", "extra shelf"
"FJÄLKINGE", "shelf unit"
"FJÄLKINGE", "shelving unit"
"FJÄLKINGE", "shelving unit with drawers"
"FJÄLLA", "series"
"FJÄLLBERGET", "conference chair"
"FJÄLLTRAV", "cushion cover"
"FJELL", "bed frame with storage"
"FJELLSE", "bed frame"
"FLAXA", "bed frame w/storage+slatted bedbase"
"FLAXA", "bed frm w/headboard+slatted bedbase"
"FLAXA", "headboard with storage compartment"
"FLAXA", "pull-out bed"
"FLEST", "tealight holder"
"FLICKÖGA", "duvet cover and pillowcase(s)"
"FLINTAN", "swivel chair"
"FLINTAN", "swivel chair with armrests"
"FLISÖ", "umbrella"
"FLISÖ", "umbrella with base"
"FLÖNG", "curtains, 1 pair"
"FLÖNG", "cushion cover"
"FLÖNG", "rug, low pile"
"FLÖRT", "remote control pocket"
"FLOTTIG", "lunch box"
"FLUNDRA", "dish drainer"
"FLYGA", "collection"
"FLYGNING", "curtain with tie-back"
"FLYGTUR", "rug, low pile"
"FLYT", "magazine file"
"FLYTTA", "kitchen cart"
"FNISS", "trash basket"
"FÖNSTERVIVA", "panel curtain"
"FÖRBLUFFAD", "saucepan with lid"
"FÖRBLUFFAD", "series"
"FÖREBILD", "glass"
"FÖREDRA", "unscented votive candle"
"FÖRHÖJA", "series"
"FORMAT", "floor/reading lamp"
"FORMAT", "LED cabinet light"
"FORMAT", "series"
"FORMLIG", "vase"
"FÖRNUFT", "20-piece flatware set"
"FÖRNYBAR", "freezer bag"
"FÖRRÄTT", "finials, 1 pair"
"FORSÅ", "work lamp"
"FÖRSIKTIG", "children's stool"
"FÖRSIKTIGT", "wine glass"
"FÖRSLUTAS", "trash bags"
"FÖRTJUST", "tealight holder"
"FÖRTROLIG", "series"
"FÖRVÄNTAD", "paper napkin"
"FÖRVARA", "drawer, low"
"FÖRVARA", "drawer, medium"
"FÖRVAR", "jar with lid"
"FOTO", "pendant lamp"
"FRÄCK", "mirror"
"FRÄJEN", "bath sheet"
"FRÄJEN", "bath towel"
"FRÄJEN", "hand towel"
"FRÄJEN", "washcloth"
"FRÄKEN", "bedspread and 2 cushion covers"
"FRAKTA", "cart"
"FRAKTA", "hand cart with storage bag"
"FRAKTA", "loading strap with buckle"
"FRAKTA", "luggage straps"
"FRAKTA", "shopping bag, large"
"FRAKTA", "shopping bag, medium"
"FRAKTA", "storage bag for cart"
"FRAKTA", "tarpaulin"
"FRAKTA", "tarpaulin rope"
"FRAMSTÄLLA", "gift bag, set of 3"
"FRAMSTÄLLA", "gift wrap, roll"
"FRAMTID", "4 burner gas cooktop"
"FRAMTID", "5 burner gas cooktop"
"FRANKLIN", "bar stool with backrest, foldable"
"FRASERA", "glass"
"FRASERA", "whiskey glass"
"FREDDE", "computer work station"
"FREDLÖS", "vase"
"FREDÖN", "hammock"
"FREDÖN", "hammock with stand"
"FRIDFULL", "plant pot"
"FRIHETEN", "sofa bed"
"FRIHETEN", "sofa bed with chaise"
"FRODIG", "series"
"FRÖSAKULL", "frame"
"FROSSARE", "dish drainer"
"FROSTA", "stool"
"FROST", "drying rack, indoor/outdoor"
"FROSTIG", "top freezer"
"FRYKEN", "box with lid, set of 3"
"FUGA", "ceiling spotlight with 4 spots"
"FUGA", "ceiling/wall lamp"
"FULLEN", "mirror cabinet"
"FULLEN", "mirror with shelf"
"FULLEN", "sink cabinet"
"FULLFÖLJA", "series"
"FULLGOD", "scented block candle"
"FUNGERA", "tray"
"FYLLEN", "laundry basket"
"FYLLIG", "vase"
"FYNDIG", "series"
"FYRFALDIG", "martini glass"
"GADDIS", "basket"
"GALANT", "drawer unit/drop file storage"
"GALANT", "open storage combination"
"GALANT", "storage combination with filing"
"GALANT", "storage combination w sliding doors"
"GALANT", "storage series"
"GALANT", "system"
"GALEJ", "tealight holder"
"GÄLL", "cup and saucer"
"GAMLEBY", "chair"
"GAMLEBY", "gateleg table"
"GAMLEBY", "table and 4 chairs"
"GAMLEBY", "wall shelf"
"GARBODA", "plate holder"
"GARNERA", "serving stand, two tiers"
"GARNES", "over-the-door mirror"
"GARNES", "over-the-door mirror/hooks & shelf"
"GÅRÖ", "hammock stand, outdoor"
"GÅRÖ", "hammock with stand"
"GÅSER", "rug, high pile"
"GÅSGRUND", "ceiling lamp"
"GÄSPA", "duvet cover and pillowcase(s)"
"GÄSPA", "fitted sheet"
"GÄSPA", "pillowcase"
"GÄSPA", "sheet set"
"GAVIK", "table lamp"
"GEMAK", "colander"
"GERBERA", "potted plant"
"GERREBO", "picture"
"GERSBY", "bookcase"
"GESSAN", "box"
"GESSAN", "box with lid"
"GESTALTA", "artist's figure"
"GETTORP", "TV unit"
"GIMSE", "underbed storage box"
"GITMAJ", "fabric"
"GITTE", "cushion cover"
"GIVANDE", "gift ribbon"
"GIVANDE", "gift tags, set of 10"
"GIVANDE", "ribbon"
"GJÖRA", "bed frame"
"GLÄDJANDE", "candle dish"
"GLADSAX", "frame"
"GLANSIG", "tealight holder"
"GLANSNÄVA", "curtain liners, 1 pair"
"GLANSVIDE", "comforter, cooler"
"GLANSVIDE", "comforter, warmer"
"GLASIG", "series"
"GLENN", "bar stool"
"GLES", "box"
"GLIMMA", "unscented candle in a metal cup"
"GLIMMA", "unscented tealights"
"GLIS", "box with lid"
"GLITTRAN", "kitchen faucet"
"GLIVARP", "extendable table"
"GLIVARP", "table and 4 chairs"
"GLIVARP", "table and 6 chairs"
"GLON", "frame, set of 4"
"GLOTTEN", "step stool"
"GNARP", "5-piece kitchen utensil set"
"GODIS", "CHOKLADKROKANT milk chocolate with butterscotch"
"GODIS", "CHOKLADRÅN chocolate filled wafers"
"GODIS", "glass"
"GODIS", "LAKRITS sweet and salty licorice"
"GODMODIG", "wall mounted extractor hood"
"GODMORGON", "cabinet, countertop, 19 5/8" sink"
"GODMORGON", "LED cabinet/wall light"
"GODMORGON", "series"
"GODMORGON", "vanity, countertop and 17 3/4" sink"
"GÖKÄRT", "mattress protector"
"GÖMMAREN", "universal shower curtain rod"
"GONATT", "crib"
"GOSIG", "Series"
"GOTTGÖRA", "lantern for block candle"
"GOTTGÖRA", "lantern for candle in metal cup"
"GOTTIS", "serving bowl"
"GOTTLÖSA", "knob"
"GRÄDDAD", "pitcher"
"GRANÅS", "table and 2 chairs"
"GRANÅS", "table and 4 chairs"
"GRANSKÄR", "bath faucet with strainer"
"GRÄSET", "plant pot"
"GRÄSLÖK", "plant pot"
"GRÄSMARÖ", "3-piece gardening tool set"
"GRATTIS", "5-p serving stand with cupcakes set"
"GRÄVA", "plant pot"
"GREBBESTAD", "table"
"GREBBESTAD", "table and 4 chairs"
"GREBBESTAD", "underframe"
"GREGOR", "swivel chair"
"GRENÖ", "cushion, outdoor"
"GRILLA", "grill pan"
"GRIPANDE", "2-piece salad server set"
"GROGGY", "coaster"
"GROGGY", "tray"
"GRÖNÖ", "table lamp"
"GRÖNSKA", "shower curtain"
"GRUA", "mirror"
"GRUNDTAL", "bathroom series"
"GRUNDTAL", "hanger"
"GRUNDTAL", "hanger for door"
"GRUNDTAL", "kitchen series"
"GRUNDTAL", "laundry series"
"GRUNDTAL", "rail"
"GRUNDTAL", "s-hook"
"GRUNDTAL", "toilet roll holder"
"GRUNDTAL", "wall shelf"
"GRUNKA", "4-piece kitchen utensil set"
"GRUSBLAD", "comforter, cooler"
"GRUSBLAD", "comforter, warmer"
"GRYNET", "panel curtain"
"GUBBRÖRA", "pastry brush"
"GUBBRÖRA", "rubber spatula"
"GULDPALM", "pillow, firmer"
"GULDPALM", "pillow, softer"
"GULLEPLUTT", "finger puppet"
"GULLGOSSE", "soft toy"
"GULLIVER", "changing table"
"GULLIVER", "crib"
"GULLKLOCKA", "cushion cover"
"GULLMAJ", "napkin"
"GULLMAJ", "tablecloth"
"GULLREGN", "bed runner"
"GULLTRATT", "duvet cover and pillowcase(s)"
"GULSPORRE", "curtains, 1 pair"
"GUNDE", "folding chair"
"GUNDE", "table and 4 chairs"
"GUNITA", "fabric"
"GUNNERN", "lockable cabinet"
"GUNNERN", "mirror cabinet with 1 door"
"GUNNERN", "pedestal table"
"GUNNI", "block-out curtains, 1 pair"
"GURLI", "cushion cover"
"GURLI", "throw"
"GYNNSAM", "series"
"HÄGGUM", "recessed spotlight"
"HÅLLARE", "tealight holder for 7 tealights"
"HÄLLESTAD", "countertop, double-sided"
"HÅLLÖ", "4-seat conversation set, outdoor"
"HÅLLÖ", "4-seat sofa with footstool, outdoor"
"HÅLLÖ", "5-seat sectional, outdoor"
"HÅLLÖ", "6-seat sectional + stool, outdoor"
"HÅLLÖ", "chair, outdoor"
"HÅLLÖ", "series"
"HÅLLÖ", "sofa with table, outdoor"
"HÄLLVIKEN", "1 bowl insert sink, drain+strainer"
"HÄLSA", "steel vacuum flask"
"HAMMARP", "countertop"
"HAMNVIKEN", "sink, 1 bowl"
"HÅMÖ", "beach chair"
"HÅMÖ", "chaise"
"HÅMÖ", "reclining chair"
"HAMPDÅN", "pillow, firmer"
"HAMPDÅN", "pillow, softer"
"HAMPEN", "rug, high pile"
"HÄNGSYREN", "pot holder"
"HÄNSYN", "glass"
"HÄREN", "bath sheet"
"HÄREN", "bath towel"
"HÄREN", "hand towel"
"HÄREN", "washcloth"
"HÅRFIN", "candlestick/candleholder, set of 3"
"HARRY", "chair"
"HÅRTE", "LED work lamp"
"HASSELNÖT", "plant pot"
"HASSELVIKA", "bed frame"
"HASSELVIKA", "TV unit with drawers"
"HASVÅG", "spring mattress"
"HAUGESUND", "spring mattress"
"HAUGSVÄR", "spring mattress"
"HAVBRO", "rug, low pile"
"HAVERDAL", "frame"
"HAVNSÖ", "rug, low pile"
"HEAT", "trivet"
"HEDBLOMSTER", "cushion"
"HEDERLIG", "series"
"HEDRA", "knob"
"HEJNE", "1 section"
"HEJNE", "2 sections"
"HEJNE", "3 sections/shelves"
"HEJNE", "4 sections with shelves"
"HEJNE", "end cap"
"HEJNE", "post"
"HEJNE", "shelf"
"HEJSAN", "series"
"HEKTAR", "ceiling track, 3 spotlights"
"HEKTAR", "floor lamp"
"HEKTAR", "pendant lamp"
"HEKTAR", "series"
"HELGONÖRT", "cushion cover"
"HELMER", "drawer unit on casters"
"HEMBAKAT", "bake at home"
"HEMLIG", "travel mug"
"HEMMA", "cord set"
"HEMMA", "cord set with switch"
"HEMMA", "double pendant cord set"
"HEMMA", "floor lamp base"
"HEMMA", "table lamp base"
"HEMMA", "triple pendant cord set"
"HEMMINGSBO", "front opening picture frame"
"HEMNES", "bathroom series."
"HEMNES", "bedroom series"
"HEMNES", "bench with shoe storage"
"HEMNES", "hat rack"
"HEMNES", "living room series"
"HEMNES", "shoe cabinet with 2 compartments"
"HEMNES", "shoe cabinet with 4 compartments"
"HEMNES", "sink cabinet with 4 drawers"
"HEMNES", "underbed storage box, set of 2"
"HEMNES", "workspace series"
"HEMSJÖ", "unscented block candle"
"HEMSMAK", "collection"
"HEMSTA", "lamp shade"
"HEMTREVNAD", "fabric"
"HENNY", "RAND curtains, 1 pair"
"HENRIKA", "cushion cover"
"HENRIKA", "throw"
"HENRIKSDAL", "bar stool with backrest"
"HENRIKSDAL", "bar stool with backrest cover"
"HENRIKSDAL", "bar stool with backrest frame"
"HENRIKSDAL", "bar table and 4 bar stools"
"HENRIKSDAL", "chair"
"HENRIKSDAL", "chair cover"
"HENRIKSDAL", "chair cover, long"
"HENRIKSDAL", "chair frame"
"HENRIKSDAL", "table and 2 chairs"
"HENRIKSDAL", "table and 4 chairs"
"HENRIKSDAL", "table and 6 chairs"
"HENSVIK", "cabinet"
"HENSVIK", "children's room series"
"HERMINE", "throw"
"HESSTUN", "spring mattress"
"HILLMARI", "curtains, 1 pair"
"HIMALAYAMIX", "potted plant"
"HIMMENE", "sofa bed"
"HINDÖ", "series"
"HINNERUP", "rug, high pile"
"HISHULT", "handle"
"HISHULT", "knob"
"HISTORISK", "gift tags"
"HISTORISK", "stickers"
"HJÄLMAREN", "laundry bag with stand"
"HJÄLMAREN", "series"
"HJELLESTAD", "spring mattress"
"HODDE", "rug, flatwoven"
"HÖFTA", "divider for drawer"
"HÖGFÄRDIG", "decorative stick"
"HÖGTIDLIG", "finials, 1 pair"
"HOLMLIDEN", "table lamp"
"HOLMÖ", "floor lamp"
"HOLMSBU", "spring mattress"
"HOLMSEL", "chair"
"HOLMSUND", "sofa bed"
"HOLMSUND", "sofa bed slipcover"
"HÖNSBÄR", "comforter, cooler"
"HÖNSBÄR", "comforter, extra warm"
"HÖNSBÄR", "comforter, warmer"
"HOPPIG", "soft toy"
"HOPPLEK", "rug, low pile"
"HOPPVALS", "cellular blind"
"HÖSTÖGA", "duvet cover and pillowcase(s)"
"HOVET", "mirror"
"HUGAD", "curtain rod combination/bay window"
"HUGAD", "double curtain rod combination"
"HUGAD", "triple curtain rod combination"
"HUGAD", "wall fitting for curtain rod"
"HULTET", "dish"
"HUMLARE", "bag"
"HUNDTASS", "glove puppet"
"HURDAL", "series"
"HURRIG", "mug"
"HUSET", "doll furniture, bedroom"
"HUSET", "doll furniture, living room"
"HUSINGE", "ceiling track, 3 spotlights"
"HUSINGE", "ceiling track, 5-spots"
"HUSÖN", "plant pot"
"HUTTEN", "9-bottle wine rack"
"HYDRANGEA", "potted plant"
"HYFS", "series"
"HYLKJE", "mirror"
"HYLLE", "pillow, firmer"
"HYLLE", "pillow, softer"
"HYLLIS", "shelving unit"
"HYVLA", "knife block"
"IDEAL", "candle dish"
"IDEALISK", "series"
"IDEALISK", "strainer"
"IDENTISK", "wok with lid"
"IDOLF", "chair"
"IDOLF", "table and 2 chairs"
"IDOLF", "table and 4 chairs"
"IGGSJÖN", "bathmat"
"IKEA", "365+ bread knife"
"IKEA", "365+ chef's knife"
"IKEA", "365+ cookware series"
"IKEA", "365+ dinnerware series"
"IKEA", "365+ food storage series"
"IKEA", "365+ glassware series"
"IKEA", "365+ GUNSTIG trivet, magnetic"
"IKEA", "365+ kitchen textile collection"
"IKEA", "365+ kitchen utensils"
"IKEA", "365+ lighting series"
"IKEA", "365+ LUNTA table lamp"
"IKEA", "365+ paring knife"
"IKEA", "365+ SÄNDA 3 way connector"
"IKEA", "365+ SÄNDA 4 way connector"
"IKEA", "365+ SÄNDA connector with flexible joint"
"IKEA", "365+ SÄNDA line voltage adapter"
"IKEA", "365+ SÄNDA power connector"
"IKEA", "365+ SÄNDA spotlight"
"IKEA", "365+ SÄNDA track"
"IKEA", "365+ tablecloth"
"IKEA", "365+ utility knife"
"IKEA", "365+ vegetable knife"
"IKEA", "PS 1995 clock"
"IKEA", "PS 2002 watering can"
"IKEA", "PS 2012 5-drawers chest with 1 door"
"IKEA", "PS 2012 add-on chest with 6 drawers"
"IKEA", "PS 2012 armchair"
"IKEA", "PS 2012 / IKEA PS 2012 table and 2 chairs"
"IKEA", "PS 2012 / REIDAR table and 4 chairs"
"IKEA", "PS 2012 table and 4 chairs"
"IKEA", "PS 2012 table and 6 chairs"
"IKEA", "PS 2014 floor lamp"
"IKEA", "PS 2014 LED stool lamp, in/outdoor"
"IKEA", "PS 2014 / MELLTORP table and 4 chairs"
"IKEA", "PS 2014 pendant lamp"
"IKEA", "PS 2014 storage combination with top"
"IKEA", "PS 2014 storage module"
"IKEA", "PS 2014 table"
"IKEA", "PS collection"
"IKEA", "PS FÅNGST hanging storage/6 compartments"
"IKEA", "PS FEJÖ self-watering plant pot"
"IKEA", "PS GULLHOLMEN rocking chair"
"IKEA", "PS LÖMSK swivel chair"
"IKEA", "PS LÖVÅS mattress"
"IKEA", "PS MASKROS pendant lamp"
"IKEA", "PS MURBO mattress"
"IKEA", "PS sofabed slipcover"
"IKORNNES", "floor mirror"
"IKORNNES", "table mirror"
"IMMELN", "series"
"INDIRA", "bedspread"
"INGALUND", "floor lamp"
"INGALUND", "table lamp"
"INGAMAJ", "panel curtain"
"INGATORP", "drop-leaf table"
"INGATORP", "extendable table"
"INGATORP", "table and 2 chairs"
"INGATORP", "table and 4 chairs"
"INGEBORG", "shower curtain"
"INGEFÄRA", "plant pot with saucer"
"INGERT", "curtains with tie-backs, 1 pair"
"INGMARIE", "curtains with tie-backs, 1 pair"
"INGOLF", "bar stool with backrest"
"INGOLF", "chair"
"INGOLF", "junior chair"
"INGOLF", "stool"
"INGOLF", "table and 4 chairs"
"INGO", "table"
"INGO", "table and 4 chairs"
"INNAMO", "armchair, outdoor"
"INNAMO", "table and 4 armchairs, outdoor"
"INNAREN", "shower curtain"
"INNER", "inner cushion"
"INREDA", "series"
"IRIS", "dish towel"
"IRIS", "oven mitt"
"IRIS", "pot holder"
"IRJA", "curtain rod set"
"ISALA", "cabinet"
"ISALA", "coffee table"
"ISBERGET", "tablet stand"
"ISFJORDEN", "floor mirror"
"ISIGA", "ice cube bag"
"ISTAD", "plastic bag"
"ISUNDA", "cushion cover"
"IVAR", "1 section with shelves"
"IVAR", "2 sections/shelves"
"IVAR", "3 sections/shelves"
"IVAR", "chair"
"IVAR", "system"
"IVAR", "table and 4 chairs"
"IVRIG", "series"
"JACKFRUKT", "herb scissors"
"JACKFRUKT", "pruning shears"
"JÄLL", "drying rack, indoor/outdoor"
"JÄLL", "laundry bag with stand"
"JÄLL", "organizer"
"JÄLL", "tabletop ironing board"
"JÄMFÖRLIG", "hand held whisk"
"JÄMKA", "dry food jar with lid, set of 2"
"JÄMKA", "series"
"JÄMNT", "mug"
"JANINGE", "armchair"
"JANINGE", "bar stool"
"JANINGE", "chair"
"JANINGE", "table and 4 chairs"
"JANINGE", "table and 6 chairs"
"JANSJÖ", "LED floor/read lamp"
"JANSJÖ", "LED USB lamp"
"JANSJÖ", "LED work lamp"
"JANSJÖ", "series"
"JANSJÖ", "wall/clamp spotlight"
"JANUARI", "cord set with diffuser"
"JÄPPLING", "chair"
"JÄPPLING", "footstool frame"
"JÄPPLING", "sofa"
"JÄRA", "lamp shade"
"JÄRA", "pendant lamp shade"
"JÄTTELITEN", "7-pc finger puppets & accessories"
"JÄTTESTOR", "soft toy"
"JÄTTEVIKTIG", "candle holder, set of 2"
"JERNVED", "rug, high pile"
"JOKKMOKK", "table and 4 chairs"
"JÖMNA", "spring mattress"
"JORDGUBBE", "plant pot"
"JORDRÖK", "pillow, firmer"
"JORDRÖK", "pillow, softer"
"JOSEF", "cabinet, indoor/outdoor"
"JOXTORP", "pendant lamp shade"
"JUBLA", "unscented candle"
"JUBLA", "unscented chandelier candle"
"JUDIT", "table-runner"
"JUJUBÄR", "plant pot with saucer"
"JULES", "junior desk chair"
"JUSTERA", "20-piece flatware set"
"JUSTINA", "chair pad"
"JYSSEN", "wireless charger"
"KAFFE", "HELA BÖNOR MÖRKROST coffee whole beans, dark roast"
"KAITUM", "mirror with integrated lighting"
"KAJUTA", "table lamp"
"KAKA", "CHOKLADTRYFFEL chocolate truffle cake, frozen"
"KAKOR", "CHOKLAD biscuit with chocolate filling"
"KAKOR", "CHOKLADFLARN chocolate crisps, double"
"KAKOR", "HAVREFLARN oat crisps"
"KAKOR", "HAVRE oat biscuits"
"KALANCHOE", "potted plant"
"KALAS", "18-piece flatware set"
"KALASA", "plant pot"
"KALAS", "bowl"
"KALASET", "espresso cup and saucer"
"KALAS", "plate"
"KALAS", "tumbler"
"KALKGRUND", "knob hanger"
"KALKGRUND", "series"
"KALLAX", "series"
"KALLAX", "shelf unit with 4 inserts"
"KALLAX", "workstation"
"KAMRATLIG", "soft toy"
"KANELBULLAR", "ready to bake cinnamon bun, frozen"
"KANIST", "vase"
"KÄNNETECKEN", "series"
"KANSLI", "handle"
"KARDEMUMMA", "series"
"KÄRESTA", "series"
"KARIT", "bedspread and 2 cushion covers"
"KARIT", "bedspread and cushion cover"
"KARLBY", "countertop"
"KARLBY", "countertop for kitchen island"
"KARLSÖ", "hanging umbrella with base"
"KARLSÖ", "umbrella"
"KARLSÖ", "umbrella, hanging"
"KARLSÖ", "umbrella with base"
"KARLSTAD", "series"
"KARMSUND", "floor mirror"
"KARMSUND", "table mirror"
"KARPALUND", "table"
"KARPALUND", "table and 4 chairs"
"KARPALUND", "underframe"
"KÄRRNÄVA", "textile decorative patches"
"KASSEBY", "display box"
"KASTRULL", "pot with lid"
"KASTRULL", "saucepan with lid"
"KATTRUP", "rug, flatwoven"
"KAUSTBY", "chair"
"KAUSTBY", "table and 2 chairs"
"KAVALKAD", "frying pan"
"KAVALKAD", "frying pan, set of 2"
"KAVALKAD", "saucepan, set of 3"
"KEJSARKRONA", "20-piece flatware set"
"KELGRIS", "soft toy"
"KETCHUP", "tomato ketchup"
"KEX", "biscuits"
"KILINGE", "recessed spotlight"
"KILOMETER", "light chain w 48 bulbs, indoor"
"KILOMETER", "light chain with 24 bulbs, indoor"
"KILOMETER", "light chain with 24 bulbs,outdoor"
"KIVIK", "corner section"
"KIVIK", "series"
"KIVIK", "series leather"
"KLABB", "floor lamp"
"KLABB", "table lamp"
"KLACK", "tray"
"KLADD", "PRICKAR bib"
"KLADD", "RANDIG bib"
"KLADD", "SMULTRON bib"
"KLAMBY", "picture"
"KLAMPEN", "cart"
"KLÄMTARE", "box with lid, indoor/outdoor"
"KLÄNGLILJA", "duvet cover and pillowcase(s)"
"KLASEN", "charcoal grill"
"KLASEN", "charcoal grill with cart"
"KLASEN", "gas grill"
"KLASEN", "gas grill with cart"
"KLASEN", "gas grill with side burner"
"KLASEN", "gas grill with side burner & cart"
"KLASEN", "serving cart, outdoor"
"KLASEN", "storage cabinet, outdoor"
"KLIMPEN", "add-on unit"
"KLIMPEN", "drawer unit"
"KLIMPEN", "table leg with storage"
"KLINGSBO", "coffee table"
"KLINGSBO", "glass-door cabinet"
"KLINGSBO", "side table"
"KLIPPAN", "loveseat"
"KLIPPAN", "loveseat cover"
"KLIPSK", "bed tray"
"KLOCKIS", "clock/thermometer/alarm/timer"
"KLOR", "LED pendant lamp"
"KLUDD", "noticeboard"
"KLUMPIG", "soft toy"
"KLYSA", "wall clock"
"KNÄCKEBRÖD", "FLERKORN crispbread multigrain"
"KNÄCKEBRÖD", "RÅG & KLI rye & bran crispbread"
"KNÄCKEBRÖD", "RÅG rye crispbread"
"KNAGGLIG", "box"
"KNALLA", "series"
"KNALLA", "umbrella"
"KNAPPA", "pendant lamp"
"KNAPPER", "floor mirror"
"KNARRA", "basket"
"KNARRA", "laundry basket with lining"
"KNAVEL", "pillow, firmer"
"KNAVEL", "pillow, softer"
"KNIPPE", "hat and coat stand"
"KNIPSA", "basket"
"KNISLINGE", "loveseat"
"KNISLINGE", "sofa"
"KNODD", "bin with lid"
"KNOPPA", "fitted sheet"
"KNOPPÄNG", "series"
"KNOPPARP", "loveseat"
"KNORRIG", "soft toy"
"KNUBBIG", "table lamp"
"KNUFF", "magazine file, set of 2"
"KNYCK", "napkin holder"
"KÖGE", "door mat"
"KOKBANAN", "plant pot"
"KOKVRÅ", "- FOOD’S READY! book"
"KOLDBY", "cowhide"
"KOLJA", "mirror"
"KOLON", "floor protector"
"KOMPLEMENT", "multi-use hanger"
"KONCIS", "series"
"KONSTNÄRLIG", "potpourri in glass cup"
"KOPPANG", "3-drawer chest"
"KOPPLA", "3 outlet powerstrip"
"KOPPLA", "3-port USB charger"
"KOPPLA", "5 outlet power strip & 2 USB ports"
"KOPPLA", "6 outlet power strip with switch"
"KOPPLA", "6-way adaptor plug"
"KOPPLA", "extension cord"
"KORKEN", "rubber gasket"
"KORKEN", "series"
"KORNFIBBLA", "cushion cover"
"KORNIG", "scented block candle, set of 3"
"KORPÖN", "portable charcoal grill"
"KORT", "art card"
"KORTVARIG", "wall mounted extractor hood"
"KÖTTBULLAR", "meatballs, frozen"
"KOTTEBO", "basket"
"KRABB", "mirror"
"KRAGSTA", "coffee table"
"KRAGSTA", "nesting tables, set of 2"
"KRÅKRIS", "cushion"
"KRÅKRIS", "duvet cover and pillowcase(s)"
"KRÅKRIS", "throw"
"KRÅKSKÄR", "bath faucet with strainer"
"KRÄMARE", "ceiling spotlight with 3 lights"
"KRAMA", "washcloth"
"KRAMIG", "soft toy"
"KRAVATT", "wall clock"
"KREMLA", "glass"
"KRISTALLER", "chandelier, 3-armed"
"KRITTER", "Series"
"KROBY", "floor/reading lamp"
"KROBY", "floor uplight"
"KROBY", "pendant lamp"
"KROBY", "pendant lamp-double"
"KROBY", "series"
"KROKIG", "clothes stand"
"KROKIG", "wall hook"
"KROKIG", "wall storage with hooks"
"KRONILL", "pleating tape"
"KRUSNING", "pendant lamp shade"
"KRYDDIG", "spice mill"
"KRYDDNEJLIKA", "gardening gloves"
"KUBBIS", "rack with 3 hooks"
"KUBBIS", "rack with 7 hooks"
"KUBBLA", "wall clock"
"KUGGIS", "series"
"KULLADAL", "cushion cover"
"KULLAR", "series"
"KULLEN", "2-drawer chest"
"KULLEN", "3-drawer chest"
"KULLEN", "5-drawer chest"
"KULÖRT", "decoration, crushed glass"
"KULÖRT", "decoration, sand/stones"
"KULÖRT", "decorative stones"
"KUNGSHOLMEN", "4-seat conversation set, outdoor"
"KUNGSHOLMEN", "4-seat sofa, outdoor"
"KUNGSHOLMEN", "4-seat sofa with footstool, outdoor"
"KUNGSHOLMEN", "5-seat sectional, outdoor"
"KUNGSHOLMEN", "6-seat sectional + stool, outdoor"
"KUNGSHOLMEN", "chair, outdoor"
"KUNGSHOLMEN", "loveseat, outdoor"
"KUNGSHOLMEN", "series"
"KUNGSHOLMEN", "sofa with table, outdoor"
"KUNGSLILJA", "fabric"
"KUNGSMYNTA", "mattress protector"
"KUNGSMYNTA", "pillow protector"
"KUNGSÖ", "4-seat sofa, outdoor"
"KUNGSÖ", "4-seat sofa with footstool, outdoor"
"KUNGSÖ", "5-seat sectional, outdoor"
"KUNGSÖ", "back cushion, outdoor"
"KUNGSÖ", "chaise pad"
"KUNGSÖ", "loveseat, outdoor"
"KUNGSÖ", "seat pad, outdoor"
"KUNGSÖ", "series"
"KUNGSÖ", "sofa, outdoor"
"KUPOL", "pull-out storage"
"KUPOL", "pull-out storage unit"
"KURA", "reversible bed"
"KUSINER", "box with compartments"
"KUSINER", "box with lid"
"KUSINER", "series"
"KUSTRUTA", "duvet cover and pillowcase(s)"
"KVACK", "soft toy"
"KVARNÅ", "table lamp"
"KVARNVIK", "series"
"KVARTAL", "series"
"KVARTÄR", "pendant lamp"
"KVART", "floor lamp with 3-spotlights"
"KVART", "series"
"KVÄVE", "table lamp"
"KVIKNE", "wardrobe with 2 sliding doors"
"KVILL", "frame"
"KVINTETT", "wall uplight"
"KVISSLE", "series"
"KVITTERA", "serving platter, 3 tiers"
"KVITTRA", "box with lid"
"KVORING", "door mat"
"KVOT", "dish drainer"
"KYLKLAMP", "ice pack"
"KYLVÄSKA", "cooler bag"
"KYLVÄSKA", "TÅRTA cool bag for cakes"
"LÄBORG", "rug, low pile"
"LÄCKÖ", "chair, outdoor"
"LÄCKÖ", "series"
"LÄCKÖ", "table+2 chairs, outdoor"
"LACK", "series"
"LACK", "sofa table"
"LACK", "wall shelf"
"LADDA", "battery charger"
"LADDA", "rechargeable battery"
"LAGAN", "integrated dishwasher"
"LAGAN", "microwave oven with extractor fan"
"LAGAN", "range with ceramic cooktop"
"LAGAN", "single lever kitchen faucet"
"LAGAN", "top freezer"
"LAGG", "trivet"
"LAGT", "ironing board cover"
"LAIVA", "bookcase"
"LAKHEDEN", "lamp shade"
"LAMPAN", "table lamp"
"LÄMPLIG", "chopping board"
"LÄMPLIG", "trivet"
"LANDSKRONA", "chaise, add-on unit"
"LANDSKRONA", "leg"
"LANDSKRONA", "series"
"LANGESUND", "mirror"
"LÅNGHOLMEN", "umbrella"
"LÅNGHOLMEN", "umbrella with base"
"LANSA", "handle"
"LANTLIV", "series"
"LAPPLAND", "TV storage unit"
"LAPPLJUNG", "panel curtain"
"LAPPLJUNG", "RUTA cushion cover"
"LAPPLJUNG", "RUTA rug, low pile"
"LÄSKIG", "glove puppet"
"LÅTSAS", "11-piece shopping basket set"
"LÄTTAD", "place mat"
"LÄTT", "children's table and 2 chairs"
"LATTJO", "collection"
"LAX", "FILÉ salmon fillet, frozen"
"LAX", "NAJAD marinated smoked salmon, frozen"
"LEDARE", "LED bulb E12 200 lumen"
"LEDARE", "LED bulb E12 400 lumen"
"LEDARE", "LED bulb E12 80 lumen"
"LEDARE", "LED bulb E12 90 lumen"
"LEDARE", "LED bulb E17 reflector R14 200 lm"
"LEDARE", "LED bulb E17 reflector R14 400 lm"
"LEDARE", "LED bulb E26"
"LEDARE", "LED bulb E26 1000 lumen"
"LEDARE", "LED bulb E26 1800 lumen"
"LEDARE", "LED bulb E26 200 lumen"
"LEDARE", "LED bulb E26 400 lumen"
"LEDARE", "LED bulb E26 600 lumen"
"LEDARE", "LED bulb G4 80 lumen"
"LEDARE", "LED bulb G9 90 lumen"
"LEDARE", "LED bulb GU10 400 lumen"
"LEDARE", "LED bulb GU4 90 lumen"
"LEDARE", "LED bulb GU5.3 MR16 200 lumen"
"LEDARE", "LED bulb GX53 1000 lumen"
"LEDARE", "LED bulb GX53 400 lumen"
"LEDARE", "LED bulb GX53 600 lumen"
"LEDBERG", "LED 3-piece light strip set"
"LEDBERG", "LED light strip"
"LEDBERG", "LED spotlight"
"LEDDJUR", "soft toy, set of 2"
"LEGITIM", "chopping board"
"LEGITIM", "chopping board, set of 2"
"LEIFARNE", "armchair"
"LEIFARNE", "chair"
"LEIFARNE", "seat shell"
"LEIFARNE", "table and 4 chairs"
"LEIFARNE", "table and 6 chairs"
"LEIRSUND", "slatted bed base, adjustable"
"LEIRVIK", "bed frame"
"LEJEN", "cabinet"
"LEJEN", "mirror with shelf"
"LEKANDE", "bedspread"
"LEKA", "series"
"LEKKAMRAT", "series"
"LEKMAN", "box"
"LEKMAN", "mini chest with 2 drawers"
"LEKMAN", "mini storage chest"
"LEKMAN", "shelf unit with 4 inserts"
"LEKPLATS", "rug, low pile"
"LEKRUM", "duvet cover and pillowcase(s)"
"LEKSVIK", "desk"
"LEKSVIK", "rack with 5 hooks"
"LEN", "crib comforter"
"LEN", "crib fitted sheet"
"LEN", "crib pillow"
"LEN", "crib pillowcase"
"LENDA", "curtains with tie-backs, 1 pair"
"LENDA", "fabric"
"LEN", "fitted sheet"
"LEN", "fitted sheet f/extend bed, set of 2"
"LEN", "mattress protector"
"LENNART", "drawer unit"
"LEN", "STJÄRNA crib comforter"
"LERHAMN", "chair"
"LERHAMN", "table"
"LERHAMN", "table and 2 chairs"
"LERHAMN", "table and 4 chairs"
"LERSTA", "floor/reading lamp"
"LIATORP", "bookcase"
"LIATORP", "coffee table"
"LIATORP", "series"
"LIATORP", "sofa table"
"LIATORP", "storage combination"
"LIATORP", "storage combination with doors"
"LIATORP", "TV unit"
"LIDINGBY", "chair"
"LIKSIDIG", "napkin holder"
"LILLABO", "series"
"LILLA", "children's potty"
"LILLÅNGEN", "series"
"LILLÅSEN", "desk"
"LILLEPLUTT", "soft toy"
"LILLERÖD", "panel curtain"
"LILLERÖD", "rug, high pile"
"LILLHÖJDEN", "swivel chair"
"LILLHOLMEN", "ceiling/wall lamp"
"LILLHOLMEN", "wall lamp"
"LILLJORM", "mirror with integrated lighting"
"LILL", "lace curtains, 1 pair"
"LILLNAGGEN", "hook rack"
"LILLNAGGEN", "shelf"
"LILLNAGGEN", "shower squeegee"
"LILLNAGGEN", "toilet roll holder"
"LILLÖN", "charcoal grill"
"LILLSKÄR", "shower curtain"
"LILLTRÄSK", "countertop"
"LINBLOMMA", "duvet cover and pillowcase(s)"
"LINDÅN", "shower curtain"
"LINDRIG", "knife"
"LINDSHULT", "LED cabinet light"
"LINDVED", "side table"
"LISABO", "series"
"LISABO", "table and 4 chairs"
"LISELOTT", "roller blind"
"LIVLIG", "soft toy"
"LJUDA", "place mat"
"LJUDLIG", "duvet cover and pillowcase(s)"
"LJUSA", "LED flashlight, hand-powered"
"LJUSNAN", "box with lid, set of 3"
"LJUSÖGA", "duvet cover and pillowcase(s)"
"LJUSTER", "LED night light"
"LJUSTERÖ", "umbrella"
"LJUST", "series"
"LOCKIG", "children's potty"
"LOCKSTA", "chair"
"LODRÄT", "beer glass"
"LOHALS", "rug, flatwoven"
"LÖJLIG", "hobby horse"
"LÖKÖ", "umbrella base"
"LÖKÖ", "umbrella with base"
"LÖNNERN", "bath towel"
"LÖNNERN", "hand towel"
"LÖNSAM", "carafe"
"LÖNSET", "slatted bed base"
"LOSJÖN", "hanger"
"LOSSNEN", "replacement brush"
"LOTE", "3-drawer chest"
"LOTS", "mirror"
"LÖVA", "bed canopy"
"LÖVBACKEN", "side table"
"LUFSIG", "soft toy"
"LUFTIG", "exhaust fan"
"LUFTIG", "exhaust hood"
"LUFTIG", "vented extractor fan"
"LUGGA", "series"
"LUGNVIK", "sofa bed with chaise"
"LUKTASTER", "cushion cover"
"LUKTNYPON", "cushion cover"
"LUNDAMO", "mirror"
"LUNDSKÄR", "bath faucet with strainer"
"LUNS", "writing/magnetic board"
"LURÖY", "slatted bed base"
"LUSTIFIK", "hat/shoe rack"
"LYCKAD", "oven/serving dish, set of 2"
"LYCKSELE", "LÖVÅS mattress"
"LYCKSELE", "LÖVÅS sofa bed"
"LYCKSELE", "sofa bed frame"
"LYCKSELE", "sofabed slipcover"
"LYKTA", "table lamp"
"LYNÄS", "door mat"
"LYNÄS", "rug, flatwoven"
"LYRIK", "series"
"LYSTER", "block candle holder"
"MAFFENS", "basket"
"MAGASIN", "rolling pin"
"MAGGA", "basket"
"MAGLEHULT", "LED cabinet/picture light"
"MAGNARP", "floor lamp"
"MAGNARP", "table lamp"
"MAJJE", "throw"
"MAJVOR", "chair pad"
"MÅLA", "chalk"
"MÅLA", "colored pencil"
"MÅLA", "felt-tip pen"
"MÅLA", "fluorescent/glitter paint"
"MÅLA", "gel ink pen"
"MÅLA", "paintbrush, set of 6"
"MÅLA", "paper decoration set"
"MÄLARÖ", "chair, outdoor"
"MÄLARÖ", "table+2 chairs, outdoor"
"MÄLARÖ", "table, outdoor"
"MÅLA", "series"
"MALFORS", "foam mattress"
"MALINDA", "chair cushion"
"MALIN", "FIGUR cushion cover"
"MALIN", "RUND duvet cover and pillowcase(s)"
"MALKOLM", "swivel chair"
"MALMA", "mirror"
"MALM", "bed frame, high"
"MALM", "– FIND IT! PART 1. book"
"MALM", "series"
"MALMSJÖN", "kitchen faucet"
"MALMSTA", "coffee table"
"MALMSTA", "side table"
"MALOU", "duvet cover and pillowsham(s)"
"MALSJÖ", "glass-door cabinet"
"MAMMUT", "series"
"MANDAL", "series"
"MANDEL", "series"
"MÅNVIVA", "memory foam pillow"
"MARIAM", "curtains, 1 pair"
"MARIEBERG", "chair"
"MARIEBERG", "chair cushion"
"MARIETORP", "picture ledge"
"MARIETORP", "series"
"MÄRIT", "place mat"
"MÄRIT", "table-runner"
"MARIUS", "stool"
"MARIUS", "table and 2 stools"
"MARIUS", "table and 4 stools"
"MARJUN", "block-out curtains, 1 pair"
"MÄRKLIG", "bowl"
"MÄRKLIG", "plant pot"
"MARKNAD", "place mat"
"MARKNAD", "table-runner"
"MARKUS", "swivel chair"
"MARMELAD", "APELSIN & FLÄDER orange- and elderflower marmalade"
"MARSLEV", "rug, high pile"
"MARTIN", "chair"
"MARTORP", "30-piece flatware set"
"MARYD", "tray table"
"MASKROS", "pendant lamp"
"MÄSTERBY", "step stool"
"MATA", "4-piece dinnerware set"
"MATILDA", "sheer curtains, 1 pair"
"MATLUST", "chopping board"
"MATRAND", "latex mattress"
"MÅTTLIG", "milk-frothing jug"
"MAXIMERA", "add-on side for drawer, high"
"MAXIMERA", "add-on side for drawer, medium"
"MAXIMERA", "divider for high drawer"
"MAXIMERA", "divider for medium drawer"
"MAXIMERA", "drawer, high"
"MAXIMERA", "drawer, low"
"MAXIMERA", "drawer, medium"
"MEDHÅLL", "paper napkin"
"MEISTERVIK", "foam mattress"
"MEJLBY", "rug, flatwoven"
"MELLBY", "chair"
"MELLBY", "chair cover"
"MELLTORP", "chair"
"MELLTORP", "table"
"MELLTORP", "table and 2 chairs"
"MELLTORP", "table and 2 folding chairs"
"MELLTORP", "table and 2 stools"
"MELLTORP", "table and 4 chairs"
"MELLTORP", "table and 4 stools"
"MELLTORP", "table top"
"MELLTORP", "underframe"
"MELODI", "pendant lamp"
"MERETE", "curtains, 1 pair"
"MICKE", "series"
"MIEÅN", "shower curtain"
"MILDRA", "bottle"
"MINDE", "mirror"
"MINIBJÖRN", "wearable blanket"
"MINNA", "fabric"
"MINNEN", "ext bed frame with slatted bed base"
"MINNESUND", "foam mattress"
"MINUT", "floor lamp"
"MINUT", "pendant downlight"
"MINUT", "pendant lamp"
"MINUT", "series"
"MINUT", "wall lamp"
"MIXTUR", "oven/serving dish"
"MIXTUR", "oven/serving dish, set of 4"
"MJÖD", "beer mug"
"MJÖLKÖRT", "curtains, 1 pair"
"MJUKNÄVA", "textile decorative patches"
"MÖCKELBY", "drop-leaf table"
"MÖCKELBY", "PS 2012 table and 6 chairs"
"MÖCKELBY", "table"
"MÖCKELBY", "table and 2 chairs"
"MÖLBY", "rug, high pile"
"MOLGAN", "LED light"
"MOLGER", "series"
"MÖLLARP", "handle"
"MÖLLARP", "knob"
"MÖLLEKULLA", "countertop"
"MOLTE", "desk chair"
"MONGSTAD", "mirror"
"MÖNSTRAD", "oven/baking mat"
"MONTERA", "cable management"
"MÖRBYLÅNGA", "table"
"MÖRBYLÅNGA", "table and 6 chairs"
"MORGEDAL", "foam mattress"
"MORGONGÅVA", "natural latex mattress"
"MORGONMÅL", "finials, 1 pair"
"MORIK", "wireless charger"
"MÖRKT", "lantern for candle in metal cup"
"MÖRKT", "lantern for tealight"
"MORUM", "rug, flatwoven"
"MORVIK", "wardrobe"
"MOSHULT", "foam mattress"
"MOSJÖ", "TV unit"
"MOSSEBO", "series"
"MOSSEN", "decorative stickers"
"MOSSFLOX", "curtains, 1 pair"
"MOSSLANDA", "picture ledge"
"MOSTORP", "TV unit"
"MOSTORP", "wall shelf"
"MOTORP", "box"
"MOTORP", "box with lid"
"MUFFINSMIX", "CHOKLAD muffin mix, chocolate"
"MUFFINSMIX", "CITRON muffin mix, lemon flavor"
"MULA", "series"
"MULIG", "clothes rack"
"MULIG", "series"
"MULIG", "valet stand"
"MULLERUP", "rug, high pile"
"MUREN", "recliner"
"MURGRÖNA", "curtains, 1 pair"
"MURKLA", "glass"
"MURRUTA", "curtains, 1 pair"
"MURRUTA", "lace curtains, 1 pair"
"MURRUTA", "panel curtain"
"MUSIK", "wall lamp"
"MUSKOTNÖT", "plant pot"
"MÜSLI", "muesli with berries"
"MUSTIG", "glass"
"MYDAL", "bunk bed frame"
"MYGGA", "bed frame with slatted bed base"
"MYNDIG", "series"
"MYRARP", "picture"
"MYRBACKA", "latex mattress"
"MYRBACKA", "memory foam mattress"
"MYSIG", "bed canopy"
"MYSINGSÖ", "beach chair"
"MYSKGRÄS", "comforter, cooler"
"NÄCKTEN", "bathmat"
"NÄCKTEN", "guest towel"
"NANIG", "4-piece bed linen set for crib"
"NANIG", "box"
"NANIG", "diaper stacker"
"NANIG", "wall pockets"
"NÄPEN", "clothes stand"
"NÄPEN", "clothes stand cover"
"NÄRUM", "rug, high pile"
"NÄSSJÖ", "candle holder"
"NATTLIG", "waterproof mattress protector"
"NATTLJUS", "cushion cover"
"NATTLJUS", "duvet cover and pillowcase(s)"
"NATTLJUS", "fabric"
"NATURKÄR", "duvet cover and pillowcase(s)"
"NEJKON", "plant pot"
"NESNA", "nightstand"
"NILS", "armchair"
"NILS", "armchair cover"
"NILS", "chair frame with armrests"
"NILSERIK", "stool"
"NILS", "stool"
"NILS", "stool cover"
"NILS", "stool frame"
"NILS", "table and 1 stool"
"NIMMERN", "bath sheet"
"NIMMERN", "bath towel"
"NIMMERN", "hand towel"
"NIMMERN", "shower curtain"
"NIMMERN", "washcloth"
"NINNI", "RUND curtains, 1 pair"
"NIPPRIG", "collection"
"NISSE", "folding chair"
"NISSE", "table and 1 chair"
"NISSE", "table and 2 folding chairs"
"NISSE", "table and 4 chairs"
"NITTIO", "LED bulb E26"
"NITTORP", "TV unit"
"NJUTA", "series"
"NOCKEBY", "legs for footstool"
"NOCKEBY", "legs for loveseat"
"NOCKEBY", "legs for loveseat w chaise"
"NOCKEBY", "legs for sofa"
"NOCKEBY", "series"
"NÖDVÄNDIG", "bowl"
"NOJSIG", "soft toy"
"NOLBYN", "armchair"
"NOLMYRA", "chair"
"NOMINELL", "pair of armrests"
"NOMINELL", "swivel chair with armrests"
"NORBERG", "table and 1 chair"
"NORBERG", "wall-mounted drop-leaf table"
"NORDDAL", "bunk bed frame"
"NORDEN", "series"
"NORDEN", "table and 2 chairs"
"NORDEN", "table and 4 chairs"
"NORDIS", "rug, high pile"
"NORDIS", "sheer curtains, 1 pair"
"NORDLI", "series"
"NORDMÄRKE", "single pad for wireless charging"
"NORDMÄRKE", "triple pad for wireless charging"
"NORDRANA", "basket, set of 2"
"NORDRANA", "basket, set of 4"
"NORDRANA", "hanging storage"
"NORNA", "chair pad"
"NORNÄS", "collection"
"NORRÅKER", "table and 2 chairs"
"NORRÅKER", "table and 4 chairs"
"NORRÅKER", "table and 6 chairs"
"NORRÅSEN", "laptop table"
"NORRBYN", "knob"
"NORRNÄS", "chair"
"NORRNÄS", "table and 4 chairs"
"NORSBORG", "series"
"NOSVIMMA", "wine glass"
"NOT", "floor uplight"
"NOT", "floor uplight/reading lamp"
"NUTID", "double oven"
"NUTID", "french door refrigerator"
"NUTID", "microwave oven"
"NUTID", "microwave oven with extractor fan"
"NUTID", "S25 side-by-side refrigerator"
"NUTID", "self-cleaning convection oven"
"NUTID", "series"
"NUTID", "side-by-side refrigerator"
"NUTID", "slide-in range with ceramic cooktop"
"NUTID", "slide-in range with gas cooktop"
"NUTID", "thermal oven"
"NUTID", "thermal self-cleaning oven"
"NYFORS", "floor lamp"
"NYFORS", "floor/reading lamp"
"NYFORS", "series"
"NYKÄR", "scented block candle, set of 3"
"NYLLE", "wall clock"
"NYMÖ", "lamp shade"
"NYMÖ", "pendant lamp shade"
"NYPONROS", "duvet cover and pillowcase(s)"
"NYTTIG", "cooktop to drawer separator"
"NYTTIG", "filler piece for hood"
"NYTTIG", "filler piece for micro hood"
"NYTTIG", "filler piece/stove separator"
"NYVAKEN", "pair of curtains"
"OANVÄND", "beer glass"
"OBEROENDE", "ceiling-mounted extractor hood"
"OBSERVATÖR", "clip-on basket"
"OBSERVATÖR", "cross-brace"
"ODDA", "wardrobe"
"ODDMUND", "chair"
"ODELAD", "paper napkin"
"ODENSVIK", "sink, 1 bowl"
"ODENSVIK", "sink, 2 bowls"
"ODENSVIK", "sink cabinet with 4 drawers"
"ODLA", "growing media"
"OFELIA", "BLAD cushion"
"OFELIA", "blanket"
"OFELIA", "throw"
"OFELIA", "VASS duvet cover and pillowcase(s)"
"OFFENTLIG", "tray"
"OFTAST", "bowl"
"OFTAST", "plate"
"OFTA", "unscented candle"
"ÖKENLÖPARE", "soft toy"
"OLEBY", "wine cooler"
"ÖLHOLM", "rug, low pile"
"OLIVTRÄD", "bedspread/blanket"
"OLLSTA", "lamp shade"
"OLSKÄR", "bath faucet"
"OLTEDAL", "nightstand"
"OLUNDA", "series"
"OMAR", "1 shelf section"
"OMAR", "2 shelf sections"
"OMAR", "bottle shelf"
"OMAR", "shelving unit"
"OMAR", "system"
"OMFATTANDE", "beer glass"
"OMLOPP", "LED countertop light"
"OMLOPP", "LED light strip for drawers"
"OMLOPP", "LED spotlight"
"OMSORG", "shoehorn"
"OMSORG", "shoe tree, large, 1 pair"
"OMTALAD", "scented candle in glass"
"OMTYCKT", "place mat"
"OMVÄXLANDE", "tray"
"ONSJÖ", "LED chandelier"
"ÖNSKEDRÖM", "collection"
"ÖNSKEDRÖM", "plastic-coated fabric"
"ÖNSKEDRÖM", "rug, low pile"
"ÖNSKLIG", "racks for changing table, set of 4"
"OPLEV", "door mat"
"OPPEBY", "table"
"OPPEBY", "table and 6 chairs"
"OPPEBY", "table top"
"ÖPPEN", "bowl"
"ÖPPEN", "plate"
"OPPLAND", "series"
"OPPMANNA", "table"
"OPPMANNA", "table and 6 chairs"
"OPPMANNA", "underframe"
"ORÄDD", "plant pot"
"ORDENTLIG", "coaster"
"ORDENTLIG", "place mat"
"ORDNING", "colander"
"ORDNING", "dish drainer"
"ORDNING", "scale"
"ORDNING", "timer"
"ORDNING", "utensil holder"
"ORE", "shower curtain rod"
"ORMHASSEL", "throw"
"ORMKAKTUS", "cushion cover"
"ORRNÄS", "handle"
"ORRNÄS", "knob"
"ÖRSTED", "rug, high pile"
"ÖRTOFTA", "chandelier"
"ÖSTANÅ", "ceiling spotlight"
"ÖSTANÅ", "ceiling/wall lamp"
"ÖSTANÅ", "series"
"OST", "BLÅMÖGEL blue cheese"
"OSTED", "rug, flatwoven"
"OST", "HERRGÅRD® semi-hard cheese"
"ÖSTLIG", "plant pot"
"OST", "PRÄST® semi-hard cheese"
"OSTRON", "12-piece flatware set"
"OTTAVA", "pendant lamp"
"OTTIL", "cushion cover"
"ÖVERENS", "series"
"ÖVERLÄGSEN", "series"
"ÖVERUD", "lamp shade"
"ÖVRE", "bed with slatted base and canopy"
"PÅBJUDA", "whisk, set of 2"
"PÅBÖRJA", "place mat"
"PACHIRA", "AQUATICA potted plant"
"PAJMIX", "ÄPPLE & PÄRON apple & pear crumble, frozen"
"PAJMIX", "RABARBER & HALLON rhubarb & raspberry crumble, frozen"
"PAJ", "RABARBER rhubarb crumble tarte"
"PALLRA", "series"
"PALMLILJA", "duvet cover and pillowcase(s)"
"PÄLSMAL", "dish towel"
"PANNÅ", "coaster"
"PANNÅ", "place mat"
"PAPAJA", "plant pot"
"PARANÖT", "plant pot"
"PÄRLBLAD", "curtains, 1 pair"
"PÄRLBUSKE", "curtains, 1 pair"
"PÄRLVIVA", "cushion cover"
"PÅSIG", "collection"
"PASSERA", "teapot"
"PATRIK", "conference chair"
"PATRIK", "swivel chair"
"PATRULL", "series"
"PÅVERKA", "glass"
"PAX", "corner wardrobe"
"PAX", "system"
"PAX", "wardrobe"
"PELLO", "chair"
"PENNINGBLAD", "bedspread and 2 cushion covers"
"PEPPARKAKA", "ginger thins"
"PEPPARKAKA", "MANDEL ginger thins with almond"
"PEPPARKAKOR", "ginger thins"
"PHALAENOPSIS", "plant with pot"
"PHALAENOPSIS", "potted plant"
"PILÖRT", "fabric"
"PINGLA", "box with lid"
"PIPÖRT", "cushion cover"
"PIRJO", "fabric"
"PJÄTTERYD", "series"
"PLACERA", "serving bowl"
"PLADDRA", "wall clock"
"PLASTIS", "dishwashing brush"
"PLASTIS", "ice cube tray"
"PLATS", "salt & pepper shaker, set of 2"
"PLATTBOJ", "lithium battery"
"PLUFSIG", "folding gym mat"
"PLUGGIS", "recycling bin"
"PLUGGIS", "series"
"PLURING", "clothes cover, set of 3"
"PLUSSIG", "dish cloth"
"POÄNG", "children's armchair"
"POÄNG", "series"
"POFFARE", "wall clock"
"POKAL", "bowl"
"POKAL", "series"
"POLARVIDE", "throw"
"POLERAD", "11-piece cookware set"
"POMP", "vase/lantern"
"PORTIS", "series"
"POTATISCHIPS", "GRÄDDFIL & LÖK sour cream and onion potato chips"
"POTATISCHIPS", "SALTADE salted potato chips"
"PRAKTFULL", "range with gas cooktop"
"PRAKTLILJA", "block-out curtains, 1 pair"
"PREBEN", "chair"
"PREBEN", "table and 4 chairs"
"PREMIÄR", "picture"
"PREMIÄR", "series"
"PRESSA", "hanging dryer with 16 clothes clips"
"PRESSA", "washing bag, set of 3"
"PRICKIG", "microwave lid"
"PRODUKT", "milk-frother"
"PRÖJS", "desk pad"
"PROPPAD", "bottle stopper"
"PROPPMÄTT", "chopping board"
"PRUTA", "food container, set of 17"
"PUGG", "wall clock"
"PULT", "ceiling lamp"
"PYSSLA", "beads"
"PYSSLA", "bead shape set of 4"
"PYSSLINGAR", "series"
"RABALDER", "cable organizer"
"RÄCKA", "curtain rod combination"
"RÄCKA", "double curtain rod combination"
"RÄCKA", "triple curtain rod combination"
"RÄCKA", "wall fitting for curtain rod"
"RÅDIG", "espresso pot for 6 cups"
"RÅDVIKEN", "chair"
"RAFFIG", "finials, 1 pair"
"RÅGKORN", "plant pot"
"RAGNBORG", "cushion cover"
"RÅGRUND", "series"
"RAJTAN", "spice jar"
"RÄKOR", "UTAN SKAL peeled shrimp, frozen"
"RÄMMEN", "lamp shade"
"RAMNARED", "floor uplight"
"RAMNARED", "table lamp"
"RAMSÄTRA", "media shelf"
"RAMSÄTRA", "TV unit"
"RAMSKÄR", "bathmat"
"RAMSÖ", "umbrella"
"RAMSTA", "light chain 24 diamonds"
"RANARP", "floor/reading lamp"
"RANARP", "pendant lamp"
"RANARP", "series"
"RÄNDER", "rug, flatwoven"
"RANDERUP", "rug, low pile"
"RANDLEV", "rug, flatwoven"
"RAPPT", "lantern for block candle"
"RASKMÖLLE", "rug, flatwoven"
"RÅSKOG", "bar stool"
"RÅSKOG", "stool"
"RÅSKOG", "utility cart"
"RÅSKOG", "wall cabinet"
"RAST", "3-drawer chest"
"RAST", "nightstand"
"RÄTA", "food container"
"RATIONELL", "corner joint"
"RATIONELL", "LED countertop light"
"RATIONELL", "series"
"RÄTTVIKEN", "sink, 1 bowl"
"RÄTTVIK", "series"
"RAVENEA", "potted plant"
"REDA", "food container, set of 5"
"REGISSÖR", "series"
"REGOLIT", "floor lamp, arc"
"REGOLIT", "pendant lamp shade"
"REIDAR", "chair, in/outdoor"
"REIDAR", "table and 4 chairs"
"REKARNE", "coffee table"
"REKARNE", "sofa table"
"REKTANGEL", "series"
"RENLIG", "fully integrated dishwasher"
"RENLIG", "integrated dishwasher"
"RENLIG", "integrated dishwasher with 2 fronts"
"RENLIG", "integrated dishwasher with 3 fronts"
"RENLIG", "integrated dishwasher with door"
"RENS", "sheepskin"
"RETSAM", "door handle plate"
"RIBBA", "frame"
"RIBBA", "series"
"RIGGA", "clothes rack"
"RIGGAD", "LED work lamp w/wireless charging"
"RIKLIG", "teapot"
"RIKTIG", "curtain hook"
"RIKTIG", "curtain hook with clip"
"RILL", "caster"
"RILL", "locking caster"
"RIMFORSA", "series"
"RIMFORSA", "work bench"
"RINGBLOMMA", "Roman blind"
"RINGSJÖN", "shower curtain rings"
"RINGSKÄR", "detergent dispenser"
"RINGSKÄR", "kitchen faucet with pull-out spout"
"RINGSKÄR", "single lever kitchen faucet"
"RISATORP", "utility cart"
"RISATORP", "wire basket"
"RISÖ", "hammock"
"RISÖR", "room divider"
"RISSLA", "desk pad, curved"
"RISSLA", "series"
"RISSNA", "coffee table"
"RISSNA", "nesting tables, set of 2"
"RISSNA", "side table"
"RISTINGE", "rug, flatwoven"
"RITVA", "curtains with tie-backs, 1 pair"
"ROBERGET", "swivel chair"
"RÖDBINKA", "duvet cover and pillowcase(s)"
"RODD", "floor lamp base"
"RODD", "table lamp base"
"RODD", "wall lamp"
"RÖDTOPPA", "comforter, cooler"
"RÖDTOPPA", "comforter, extra warm"
"RÖDTOPPA", "comforter, warmer"
"ROKNÄS", "decorative stickers"
"RÖLLEKA", "memory foam pillow"
"ROMANTISK", "tray"
"ROMMA", "cable management box with lid"
"RONGLAN", "mirror"
"RÖNNSKÄR", "series"
"RÖRHOLT", "rug, flatwoven"
"RÖRSKÄR", "bath faucet with strainer"
"RÖRT", "fork"
"RÖRT", "spoon"
"ROSENDUN", "mattress protector"
"ROSENDUN", "pillow protector"
"ROSENKALLA", "panel curtain"
"ROSÉPEPPAR", "plant pot"
"ROSIG", "cushion"
"ROSTAD", "LÖK fried onion"
"ROSTVIN", "duvet cover and pillowcase(s)"
"ROTERA", "lantern for block candle"
"ROTERA", "lantern for tealight"
"ROXMO", "table lamp"
"RUFFIG", "soft toy"
"RULLAN", "shade"
"RUMMET", "rug, low pile"
"RUNDLIG", "serving bowl"
"RUNNEN", "floor decking, outdoor"
"RUNSKÄR", "sink faucet with strainer"
"RUSCH", "wall clock"
"RUSTIK", "20-piece flatware set"
"RUTBO", "floor lamp"
"RUTER", "ironing board"
"RUTIN", "scented block candle"
"RYDEBÄCK", "table"
"RYDEBÄCK", "table and 4 chairs"
"RYDEBÄCK", "table top"
"RYET", "LED bulb E12 200 lumen"
"RYET", "LED bulb E26 1000 lumen"
"RYET", "LED bulb GU10 200 lumen"
"RYGGESTAD", "table"
"RYGGESTAD", "table and 4 chairs"
"RYGGESTAD", "table top"
"RYMDBAS", "duvet cover and pillowcase(s)"
"RYMDEN", "LED ceiling track, 3 spots"
"RYTTIS", "wall clock"
"SAGOSKATT", "card game, 17 pairs"
"SAGOSKATT", "glove puppet"
"SAGOSKATT", "soft toy"
"SAGOSKATT", "- THE FRIENDS IN FANTASY book"
"SAGOSTEN", "air element"
"SAGOSTEN", "cover for air element"
"SAKKUNNIG", "tea infuser"
"SÄLJAN", "countertop"
"SALLADSKÅL", "planting tray"
"SALLADSKÅL", "plant stand"
"SALLADSKÅL", "watering can"
"SALMI", "table"
"SALMI", "table and 4 chairs"
"SÅLNAN", "basket"
"SALONG", "vase"
"SALTBÄK", "rug, flatwoven"
"SALTGRUND", "shower curtain"
"SALTIG", "decorative stick"
"SALVIKEN", "bath sheet"
"SALVIKEN", "bath towel"
"SALVIKEN", "hand towel"
"SALVIKEN", "washcloth"
"SAMLA", "box"
"SAMLA", "box with lid"
"SAMLA", "lid for box, 34 gallon"
"SAMLA", "series"
"SAMSÖ", "umbrella"
"SAMSÖ", "umbrella with base"
"SAMSPELT", "decoration"
"SAMTID", "floor/reading lamp"
"SANDERUM", "rug, high pile"
"SANDHAUG", "tray table"
"SANDSJÖN", "single lever kitchen faucet"
"SANELA", "curtains, 1 pair"
"SANELA", "cushion cover"
"SÄNGDAGS", "wearable blanket"
"SÅNGEN", "table lamp"
"SÅNGTRAST", "soft toy"
"SANNOLIKT", "curtain rod set"
"SANNOLIK", "vase"
"SÄRDAL", "LED lighting chain with 12 lights"
"SÄRDAL", "LED lighting chain with 24 lights"
"SÄRDAL", "LED lighting curtain with 12 lights"
"SÄRÖ", "chair pad, outdoor"
"SÄRÖ", "seat/back pad, outdoor"
"SÅS", "PEPPARROT horseradish sauce"
"SÅS", "SENAP & DILL sauce for salmon"
"SÅS", "TOMAT & ÖRT tomato and herb sauce"
"SÅS", "VANILJ vanilla sauce"
"SÄTTA", "handle"
"SÄTTA", "knob"
"SÄTTRA", "decoration for cord set, set of 5"
"SÄVERN", "shower curtain rod"
"SÄVERN", "trash basket"
"SCHOTTIS", "pleated shade"
"SEDLIG", "series"
"SEGLARÖ", "hanging umbrella with base"
"SEGLARÖ", "umbrella, hanging"
"SEKOND", "cord set"
"SEKTION", "system"
"SELJE", "nightstand"
"SELJE", "nightstand with wireless charging"
"SEMINE", "panel curtain"
"SENAP", "MILD mild mustard"
"SENIOR", "series"
"SENSUELL", "series"
"SIGBRITT", "fabric"
"SIGNE", "rug, flatwoven"
"SIGNUM", "cable management, horizontal"
"SIGNUM", "shelf f/KOPPLA powerstrip/USB ports"
"SIKUDDEN", "shower curtain"
"SILKEBORG", "rug, flatwoven"
"SILKEBORG", "rug, low pile"
"SILL", "DILL marinated herring with dill"
"SILL", "INLAGD marinated herring w onions+carrots"
"SILL", "SENAP marinated herring w mustard sauce"
"SILVÅKRA", "picture"
"SILVERÅN", "mirror cabinet"
"SILVERÅN", "series"
"SILVERHÖJDEN", "series"
"SILVERÖGA", "duvet cover and pillowcase(s)"
"SINDAL", "door mat"
"SINGLA", "bag"
"SINNERLIG", "collection"
"SINNERLIG", "table lamp"
"SINNLIG", "scented votive candle"
"SINNLIG", "series"
"SIPPRA", "wall clock"
"SISSELA", "fabric"
"SITTNING", "collection"
"SKÄCK", "serving bowl"
"SKALAD", "paring knife"
"SKÅLBERG", "swivel chair"
"SKÅLVIKEN", "decoration for lamp shade, set 10"
"SKÄNKA", "series"
"SKÄRANDE", "knife sharpener"
"SKARPÖ", "armchair, outdoor"
"SKARSTA", "desk sit/stand"
"SKIMMER", "block candle holder"
"SKIMMER", "candlestick"
"SKOGABY", "corner sofa 2+2"
"SKOGABY", "series"
"SKOGHALL", "bathmat"
"SKOGN", "cushion"
"SKOGSEK", "cushion cover"
"SKOGSLIV", "- THE OWL GOES ON HOLIDAY book"
"SKOGSNARV", "sheet set"
"SKOGSTA", "collection"
"SKOGSVÅG", "mirror"
"SKOJA", "glass"
"SKOJIG", "Lighting Series"
"SKOJ", "wall clock"
"SKOLD", "cushion cover"
"SKOLD", "sheepskin"
"SKÖNHET", "mirror"
"SKORPOR", "FULLKORN whole grain crisprolls"
"SKORPOR", "KARDEMUMMA cardamom crisp rolls"
"SKORVA", "center support beam"
"SKÖTSAM", "changing pad"
"SKÖTSAM", "cover"
"SKOVEL", "wall clock"
"SKRUV", "extension cord, outdoor"
"SKRUV", "LED lighting chain with 48 lights"
"SKRUV", "LED lighting curtain with 48 lights"
"SKRUV", "LED lighting net with 48 lights"
"SKRUVSTA", "swivel chair"
"SKRUV", "transformer, cord & 3-way connector"
"SKRUV", "transformer with cord"
"SKUBB", "box"
"SKUBB", "series"
"SKUGGLILJA", "duvet cover and pillowcase(s)"
"SKUGGLILJA", "sheet set"
"SKURAR", "flower box with holder"
"SKURAR", "series"
"SKUREN", "20-piece flatware set"
"SKVALPA", "7-piece cleaning set with flat mop"
"SKVALPA", "dustpan and broom"
"SKVALPA", "mop head refill"
"SKVATTRAM", "sheet set"
"SKYDD", "wood treatment oil, indoor use"
"SKYLTA", "children's market stand"
"SKYN", "series"
"SLÄHULT", "table"
"SLÄHULT", "table and 4 chairs"
"SLÄHULT", "table top"
"SLÅN", "pillow, softer"
"SLÄT", "egg slicer"
"SLÄTTHULT", "series"
"SLÄTTÖ", "privacy screen, outdoor"
"SLÖJBLOMMA", "plastic-coated fabric"
"SLUKA", "vacuum flask"
"SLUSSA", "clock"
"SMÅBIT", "knife and peeler"
"SMÄCKER", "flatware tray"
"SMÅGLI", "5-piece place setting"
"SMÅGLI", "plate/bowl"
"SMAKGLAD", "20-piece flatware set"
"SMÅKRYP", "3-piece bath toy set"
"SMÅKRYP", "bath toy, eel"
"SMAKSAM", "cake decorating set"
"SMÅNATE", "cushion cover"
"SMÅRASSEL", "box with lid"
"SMARTA", "oven/serving dish"
"SMARTA", "pie plate"
"SMARTA", "series"
"SMASKA", "eating series"
"SMÅSLUG", "soft toy"
"SMILA", "BAGGE wall lamp"
"SMILA", "BLOMMA wall lamp"
"SMILA", "HJÄRTA wall lamp"
"SMILA", "MÅNE wall lamp"
"SMILA", "SOL ceiling lamp"
"SMILA", "STJÄRNA wall lamp"
"SMOOTHIE", "ÄPPLE & JORDGUBB apple- and strawberry smoothie"
"SMOOTHIE", "BLÅBÄR & HALLON blueberry- and raspberry smoothie"
"SMÖRBOLL", "duvet cover and pillowcase(s)"
"SMORD", "oven/serving dish"
"SMÖRSOPP", "lunch bag"
"SMULA", "tray"
"SMYCKA", "series"
"SMYG", "wall lamp"
"SNÅR", "place mat"
"SNÄRTIG", "artificial flower"
"SNÄRTIG", "vase"
"SNIGLAR", "series"
"SNIKA", "box with lid, set of 3"
"SNILLE", "swivel chair"
"SNITSIG", "series"
"SNITTA", "knife"
"SNÖIG", "series"
"SNUDDA", "lazy Susan"
"SNUTTIG", "soft toy"
"SOARÉ", "place mat"
"SOCKERÄRT", "vase"
"SOCKERKAKA", "series"
"SOCKER", "plant stand"
"SOCKER", "series"
"SOCKER", "watering can"
"SÖDERHAMN", "series"
"SÖDER", "pendant lamp"
"SÖDERSVIK", "series"
"SOFIA", "fabric"
"SOFIA", "plastic-coated fabric"
"SÖFTEN", "rug, flatwoven"
"SOLARVET", "LED lighting chain with 12 lights"
"SOLARVET", "LED lighting chain with 24 lights"
"SOLBRUD", "duvet cover and pillowcase(s)"
"SOLIG", "net"
"SOLIGT", "cushion"
"SOLLEFTEÅ", "series"
"SOLMYRA", "picture"
"SOLSTA", "sofa bed"
"SOLVINDEN", "decoration for light chain"
"SOLVINDEN", "LED decorative light"
"SOLVINDEN", "LED solar-powered floor lamp"
"SOLVINDEN", "LED solar-powered light"
"SOLVINDEN", "LED solar-powered pendant lamp"
"SOLVINDEN", "LED solar-powered table lamp"
"SOMLIG", "decoration, ball"
"SOMMAR", "2016 apron"
"SOMMAR", "2016 beach bag"
"SOMMAR", "2016 beach towel"
"SOMMAR", "2016 bedspread"
"SOMMAR", "2016 bottle/ice pack"
"SOMMAR", "2016 bowl"
"SOMMAR", "2016 bread basket"
"SOMMAR", "2016 cooler bag"
"SOMMAR", "2016 cushion cover"
"SOMMAR", "2016 dish towel"
"SOMMAR", "2016 door mat"
"SOMMAR", "2016 drinking straw"
"SOMMAR", "2016 duvet cover and pillowcase(s)"
"SOMMAR", "2016 fabric"
"SOMMAR", "2016 glass"
"SOMMAR", "2016 guest towel"
"SOMMAR", "2016 paper cup"
"SOMMAR", "2016 paper napkin"
"SOMMAR", "2016 paper plate"
"SOMMAR", "2016 paper side plate"
"SOMMAR", "2016 pitcher with lid"
"SOMMAR", "2016 place mat"
"SOMMAR", "2016 plate"
"SOMMAR", "2016 rug, flatwoven"
"SOMMAR", "2016 scented candle in glass, 3 wicks"
"SOMMAR", "2016 serving plate"
"SOMMAR", "2016 shower curtain"
"SOMMAR", "2016 side plate"
"SOMMAR", "2016 tablecloth"
"SOMMAR", "2016 table-runner"
"SOMMAR", "2016 tray"
"SOMMAR", "2016 tumbler"
"SOMMARVIND", "pop-up sun/wind shelter"
"SÖMNIG", "fitted sheet"
"SÖMNIG", "pillowcase"
"SÖMNIG", "pillowcase for memory foam pillow"
"SÖMNIG", "sheet set"
"SÖNDRUM", "frame"
"SÖNDRUM", "wall clock"
"SONGE", "mirror"
"SORTERA", "recycling bin with lid"
"SÖTBLOMSTER", "duvet cover and pillowcase(s)"
"SÖTCITRON", "self-watering plant pot"
"SÖTSAK", "DAMMSUGARE pastry with almond paste"
"SÖTSAK", "KAKAOBOLL oat pastry with coconut sprinkles"
"SÖTSAK", "SKUMTOPP soft marshmallow pastry"
"SÖTVEDEL", "comforter, cooler"
"SÖTVEDEL", "comforter, extra warm"
"SÖTVEDEL", "comforter, warmer"
"SOVDAGS", "4-piece bed linen set for crib"
"SPARKA", "soft toy"
"SPATHIPHYLLUM", "potted plant"
"SPECIELL", "series"
"SPEXA", "doll house"
"SPÖKA", "LED night light"
"SPONTAN", "magazine rack"
"SPONTAN", "magnet"
"SPONTAN", "magnetic board"
"SPORREN", "swivel chair"
"SPRALLA", "scented candle in pot"
"SPRALLIS", "wall clock"
"SPRIDA", "LED spotlight"
"SPRINGA", "collection"
"SPRITTA", "apple slicer"
"SPRITTA", "citrus squeezer"
"SPRITTA", "fruit garnishing set"
"SPRUTT", "children's coat-hanger"
"SPRUTT", "clothes-hanger"
"SPRUTT", "collection"
"STABBIG", "lantern for block candle"
"STABEKK", "mirror"
"STABIL", "series"
"STAJLIG", "hanger, indoor/outdoor"
"STÄLL", "shoe cabinet with 3 compartments"
"STÄLL", "shoe cabinet with 4 compartments"
"STÄM", "series"
"STARHOLK", "wall clock"
"STAVE", "mirror"
"STEFAN", "chair"
"STEFAN", "table and 2 chairs"
"STEFAN", "table and 4 chairs"
"STEGÖN", "chair pad, outdoor"
"STEGÖN", "seat/back pad, outdoor"
"STELNA", "mug"
"STENKLÖVER", "duvet cover and pillowcase(s)"
"STENSTORP", "kitchen cart"
"STENSTORP", "series"
"STENSTORP", "wall shelf"
"STICKAT", "collection"
"STIG", "bar stool with backrest"
"STINN", "oven mitt"
"STOCKHOLM", "bowl"
"STOCKHOLM", "candlestick for 3 candles"
"STOCKHOLM", "chandelier"
"STOCKHOLM", "collection"
"STOCKHOLM", "floor lamp"
"STOCKHOLM", "footstool"
"STOCKHOLM", "pendant lamp"
"STOCKSUND", "bench"
"STOCKSUND", "legs for 3.5 seat sofa"
"STOCKSUND", "legs for armchair/chaise/sofas"
"STOCKSUND", "legs for footstool and bench"
"STOCKSUND", "series"
"STÖDJA", "flatware tray"
"STOLJAN", "conference chair"
"STOLMEN", "1 section"
"STOLMEN", "2 sections"
"STOLMEN", "3 sections"
"STOLMEN", "4 sections"
"STOLMEN", "post with mirror and hooks"
"STOLMEN", "system"
"STÖPEN", "LED block candle"
"STÖPEN", "LED block candle, set of 3"
"STÖPEN", "LED candle"
"STÖPEN", "LED tealight"
"STOPP", "anti-slip underlay"
"STOPP", "FILT rug underlay with anti-slip"
"STORÅ", "loft bed frame"
"STORJORM", "mirror cabinet w/1 door & light"
"STORJORM", "mirror cabinet w/2 doors & light"
"STORJORM", "mirror with integrated lighting"
"STORNÄS", "bar table"
"STORNÄS", "extendable table"
"STORNÄS", "table and 6 chairs"
"STORSELE", "armchair"
"STORSLAGEN", "curtain rod set"
"STORSLAGEN", "double curtain rod set"
"STÖTTA", "LED ceiling/wall lamp"
"STÖTTA", "LED light strip"
"STÖTTA", "LED spotlight"
"STÖTTA", "LED spotlight and clamp"
"STRÅLANDE", "grater with handle"
"STRANDKRYPA", "shower curtain"
"STRANDMON", "footstool"
"STRANDMON", "wing chair"
"STRANNE", "LED floor lamp"
"STRANNE", "LED table lamp"
"STRAPATS", "pedal bin"
"STRIBERG", "LED light strip"
"STRIMKROKUS", "comforter and pillowcase(s)"
"STRIND", "coffee table"
"STRIND", "side table"
"STRÖMBY", "series"
"STROSA", "12 piece dinnerware set"
"STRÖVA", "soft toy"
"STUGVIK", "series"
"STUVA", "changing table/desk"
"STUVA", "changing table with 4 drawers"
"STUVA", "crib with drawers"
"STUVA", "desk with 3 drawers"
"STUVA", "loft bed combo w 2 shlvs/3 shlvs"
"STUVA", "loft bed with 1 drawer/2 doors"
"STUVA", "loft bed with 2 shelves/2 doors"
"STUVA", "loft bed with 3 drawers/2 doors"
"STUVA", "loft bed with 4 drawers/2 doors"
"STUVA", "play table with 2 drawers"
"STUVA", "system"
"SUCCULENT", "potted plant"
"SULTAN", "LADE slatted bed base"
"SULTAN", "support leg"
"SUMMERA", "series"
"SUNDBÄCKEN", "lamp shade"
"SUNDERÖ", "series"
"SUNDSVIK", "kitchen faucet"
"SUNDVIK", "series"
"SUNNEMO", "lamp shade"
"SUNRID", "fabric"
"SUSEÅN", "bathmat"
"SUTARE", "roasting pan"
"SUTARE", "roasting pan with grill rack"
"SVALKA", "series"
"SVALSTA", "nesting tables, set of 2"
"SVAMPIG", "sponge"
"SVÄRTA", "bunk bed frame"
"SVÄRTA", "desk top"
"SVÄRTA", "loft bed frame"
"SVÄRTA", "pull-out bed"
"SVARTÅSEN", "laptop stand"
"SVARTÖ", "hanging umbrella with base"
"SVARTÖ", "umbrella base"
"SVARTSJÖN", "series"
"SVELVIK", "bed frame"
"SVENBERTIL", "armchair"
"SVENBERTIL", "chair"
"SVENBERTIL", "seat shell"
"SVENBERTIL", "table and 2 chairs"
"SVENBERTIL", "table and 4 chairs"
"SVIRA", "series"
"SVIRVEL", "ceiling lamp"
"SVIRVEL", "ceiling spotlight with 5 spots"
"SVIRVEL", "ceiling track, 3 spotlights"
"SVIRVEL", "pendant lamp-double"
"SVIRVEL", "series"
"SVIT", "20-piece flatware set"
"Swedish", "Easter collection"
"Swedish", "Waffle day collection"
"SY", "15-piece sewing kit set"
"SY", "iron-on hemming tape"
"SYLT", "BLÅBÄR blueberry jam"
"SYLT", "HALLON & BLÅBÄR raspberry and blueberry jam"
"SYLT", "LINGON lingonberry preserves"
"SYNAS", "LED light box"
"SY", "pinking shears"
"SYRENTRY", "plastic-coated fabric"
"SYRLIG", "curtain ring with clip and hook"
"SY", "scissors"
"SY", "sewing machine"
"SY", "sewing thread"
"Table", "bar system"
"TAG", "handle"
"TÄLLEVIKEN", "sink, 1 bowl"
"TÄLLEVIKEN", "sink cabinet"
"TANANGER", "mattress topper"
"TÄNDA", "timer, 24 hours"
"TÅNUM", "rug, flatwoven"
"TÄRENDÖ", "table"
"TÄRENDÖ", "table and 4 chairs"
"TÄRENDÖ", "table top"
"TÄRENDÖ", "underframe"
"TÄRNÖ", "chair, outdoor"
"TÄRNÖ", "table+2 chairs, outdoor"
"TÄRNÖ", "table, outdoor"
"TARSTA", "frame"
"TÅRTA", "BLÅBÄR blueberry cake, frozen"
"TÅRTA", "CHOKLADKROKANT almond cake,chocolate/butterscotch"
"TÅRTA", "MANDEL almond cake, frozen"
"TÅRTA", "MÖRK CHOKLAD almond cake/dark chocolate, frozen"
"TARVA", "5-drawer chest"
"TARVA", "bed frame"
"TARVA", "series"
"TÅSINGE", "bench pad, outdoor"
"TÅSINGE", "chair pad, outdoor"
"TÅSINGE", "seat/back pad, outdoor"
"TÅSTRUP", "rug, low pile"
"TEJN", "faux sheepskin"
"TEKLA", "dish towel"
"TERESIA", "sheer curtains, 1 pair"
"TERJE", "folding chair"
"TERJE", "table and 2 chairs"
"TERTIAL", "work lamp"
"Textiles", "collection April 2014"
"Textiles", "collection August"
"Textiles", "collection February"
"Textiles", "collection October"
"THE", "HISTORY OF IKEA book"
"THORINE", "cushion"
"THYGE", "desk"
"TICKAR", "series"
"TIDAFORS", "series"
"TIDIG", "ceiling spotlight with 5 spots"
"TIDPUNKT", "curtain rod set"
"TIGERÖGA", "fabric"
"TILKÖRT", "comforter, cooler"
"TILLÅTA", "paper napkin"
"TILLBAKA", "mug"
"TILLFÄLLE", "collection"
"TILLSLUTA", "dry food jar with lid"
"TILLSLUTA", "series"
"TILLTALA", "hurricane glass"
"TIMSFORS", "series"
"TINGBY", "side table on casters"
"TISDAG", "series"
"TITTA", "DJUR finger puppet"
"TIVED", "LED floor/read lamp"
"TIVED", "LED spotlight"
"TIVED", "LED wall/clamp spotlight"
"TIVED", "LED work lamp"
"TJÄREBY", "rug, flatwoven"
"TJENA", "series"
"TJENA", "shelf unit with 4 inserts"
"TJUSIG", "series"
"TJUSIG", "wall/door rack with knobs"
"TOBIAS", "chair"
"TOBIAS", "table and 4 chairs"
"TOBIAS", "table and 6 chairs"
"TOCKARP", "glass door cabinet"
"TOCKARP", "TV unit"
"TOCKARP", "wall cabinet with glass door"
"TOFTBO", "bathmat"
"TOFTERYD", "coffee table"
"TOGA", "place mat"
"TOKIG", "salad spinner"
"TOLERANT", "wok"
"TOLSBY", "frame for 2 pictures"
"TOMAT", "spray bottle"
"TOMNÄS", "TV storage unit"
"TORBJÖRN", "swivel chair"
"TORDIS", "tablecloth"
"TORG", "mug"
"TORHILD", "sheer curtains, 1 pair"
"TORKA", "decoration ball, set of 8"
"TORKA", "decorative stalk"
"TORKAD", "papertowel holder"
"TORKA", "dried bouquet"
"TORKEL", "swivel chair"
"TORKIS", "clothes pin bag & 30 clothes pins"
"TORKIS", "flexible basket, indoor/outdoor"
"TORNA", "pendant lamp"
"TORNA", "series"
"TÖRNVIKEN", "cabinet, countertop, 19 5/8" sink"
"TÖRNVIKEN", "countertop sink"
"TÖRNVIKEN", "vanity, countertop and 17 3/4" sink"
"TORSBO", "table lamp"
"TORSBY", "table"
"TORSBY", "table and 4 chairs"
"TORSBY", "table top"
"TORSBY", "underframe"
"TORVA", "soft toy"
"TOSSIG", "toilet seat"
"TOSTERÖ", "bench with storage bag, outdoor"
"TOSTERÖ", "cover for grill"
"TOSTERÖ", "series"
"TOSTERUP", "handle"
"TRÅDTÅG", "cushion cover"
"TRÅL", "floor/reading lamp"
"TRÅL", "series"
"TRAMPA", "door mat"
"TRÄNING", "juggling set"
"TRATT", "candle snuffer"
"TRENSUM", "mirror"
"TRILLING", "poster, set of 3"
"TRIVSAM", "gravy boat"
"TROFAST", "storage combination with boxes"
"TROFAST", "toy storage series"
"TROGEN", "series"
"TROJKA", "scissors"
"TROJKA", "scissors, set of 3"
"TROMSDALEN", "mattress topper"
"TROMSÖ", "loft bed frame"
"TRONES", "shoe/storage cabinet"
"TROPISK", "potted plant"
"TROSS", "ceiling track, 3 spotlights"
"TROVÄRDIG", "frying pan"
"TRYGGHET", "series"
"TRYGG", "serving bowl"
"TRYSIL", "series"
"TUFFING", "bunk bed frame"
"TULLSTA", "chair"
"TUNHOLMEN", "chair, outdoor"
"TUNHOLMEN", "table+2 chairs, outdoor"
"TUNHOLMEN", "table, outdoor"
"TUPPLUR", "block-out roller blind"
"TURBO", "clothes rack, indoor/outdoor"
"TURUMA", "recessed spotlight"
"TUSENSKÖNA", "bedspread"
"TUSSÖY", "mattress topper"
"TUTIG", "changing pad"
"TUVBRÄCKA", "duvet cover and pillowcase(s)"
"TVILLING", "poster, set of 2"
"TVINDE", "mattress topper"
"TVINGEN", "shower curtain"
"TVIS", "door mat"
"TVIS", "mat"
"TYDA", "handle"
"TYNGEN", "series"
"TYSNES", "table mirror"
"TYSSEDAL", "series"
"UDDGRUND", "shower curtain"
"ULLAMAJ", "chair cushion"
"ULLASTINA", "panel curtain"
"ULLGUMP", "rug, low pile"
"ULLKAKTUS", "cushion"
"ULVSBO", "handle"
"ULVSBO", "knob"
"UNDREDAL", "6-drawer dresser"
"UNDREDAL", "series"
"UNGDOM", "mug"
"UNG", "DRILL frame"
"UNG", "DRILL mirror"
"UPPBO", "floor/reading lamp"
"UPPBO", "work lamp"
"UPPEHÅLL", "votive candle holder"
"UPPENBAR", "measuring cup"
"UPPHETTA", "coffee/tea maker"
"UPPLEVA", "system"
"UPPTÄCKA", "bottle"
"UPPTÄCKA", "series"
"UPPVISA", "noticeboard, set of 2"
"URBAN", "junior chair"
"URSHULT", "LED cabinet light"
"URSULA", "throw"
"UTBUD", "serving bowl"
"UTELEK", "duvet cover and pillowcase(s)"
"UTFORSKA", "collection"
"UTNÄS", "lamp shade"
"UTRUSTA", "2 outlet power strip with USB port"
"UTRUSTA", "connecting rail for fronts"
"UTRUSTA", "corner base cabinet carousel"
"UTRUSTA", "corner base cab pull-out fitting"
"UTRUSTA", "corner joint"
"UTRUSTA", "door damper for hinge"
"UTRUSTA", "drawer front, high"
"UTRUSTA", "drawer front, low"
"UTRUSTA", "drawer front, medium"
"UTRUSTA", "fixture for mounting drawer on door"
"UTRUSTA", "hinge"
"UTRUSTA", "intermediate connection cord"
"UTRUSTA", "large hinge for horizontal door"
"UTRUSTA", "LED countertop light"
"UTRUSTA", "LED countertop light w power supply"
"UTRUSTA", "partition"
"UTRUSTA", "pull-out rack for cleaning supplies"
"UTRUSTA", "pull-out recycling bin tray"
"UTRUSTA", "push opener"
"UTRUSTA", "push opener, electrical"
"UTRUSTA", "reinforced ventilated shelf"
"UTRUSTA", "shelf"
"UTRUSTA", "shelf for corner base cabinet"
"UTRUSTA", "shelf for corner wall cabinet"
"UTRUSTA", "small hinge for horizontal door"
"UTRUSTA", "towel rail"
"UTRUSTA", "wall corner cabinet carousel"
"UTRUSTA", "wire basket"
"UTSPÄDD", "ice pop maker"
"UTTER", "children's table with 2 stools"
"VACKERT", "decoration for candle in glass"
"VÄCKIS", "alarm clock"
"VÄDDÖ", "series"
"VÄDDÖ", "table+2 chairs, outdoor"
"VÄDDÖ", "table and 4 chairs, outdoor"
"VÄGGIS", "noticeboard"
"VÅGLIG", "connecting rail for fronts"
"VÅGRÄT", "tea infuser"
"VÅGSBERG", "swivel chair"
"VAKEN", "glass"
"VÄLBEKANT", "clipboard"
"VÄLBEKANT", "magnetic notepad"
"VÄLBEKANT", "notebook"
"VÄLBEKANT", "paper clips"
"VALBY", "RUTA rug, low pile"
"VALJE", "series"
"VALLHALL", "wall lamp, 4-spots"
"VÄLLINGBY", "cushion"
"VALLMORA", "wall lamp, 3-spots"
"VALLÖBY", "rug, low pile"
"VANADIN", "ceiling/wall lamp"
"VANADIN", "pendant lamp"
"VANADIN", "series"
"VANDRING", "textiles"
"VÄNLIG", "pitcher"
"VÄNNERNA", "blanket"
"VÄNTAD", "rug with LED light"
"VARAKTIG", "scented block candle"
"VÅRÄRT", "duvet cover and pillowcase(s)"
"VÅRBY", "LED table lamp"
"VARDAGEN", "carafe with lid"
"VARDAGEN", "jar with lid"
"VARDAGEN", "napkin"
"VARDAGEN", "tablecloth"
"VÅRDA", "wood stain, outdoor use"
"VÄRDERA", "series"
"VÄRDE", "series"
"VÄRDE", "wall shelf"
"VÄRDE", "wall shelf with 5 hooks"
"VARDÖ", "underbed storage box"
"VARGÖN", "handle"
"VARIERA", "box"
"VARIERA", "kitchen utensil rack"
"VARIERA", "series"
"VARNHEM", "handle"
"VARNHEM", "knob"
"VARPAN", "3-piece bathroom set"
"VÅRSKÖNA", "panel curtain"
"VÅRVIND", "vase"
"VÅRVIND", "vase, set of 2"
"VARV", "series"
"VASEN", "vase"
"VÄSNAS", "tealight holder"
"VÄSTANÅ", "table"
"VÄSTANÅ", "table and 4 chairs"
"VÄSTANÅ", "underframe"
"VÄSTANBY", "table"
"VÄSTANBY", "table and 4 chairs"
"VÄSTANBY", "table top"
"VÄTE", "pendant lamp shade"
"VÄTE", "series"
"VATTENSNOK", "glove puppet"
"VATTENTÄT", "kettle"
"VÄXBO", "collage frame for 8 photos"
"VEJMON", "coffee table"
"VEJMON", "side table"
"VERKTYG", "wall clock"
"VESSLA", "lid"
"VESSLA", "storage crate with casters"
"VETTRE", "nightstand"
"VIDJA", "floor lamp"
"VIDJA", "table lamp"
"VIDSTRUP", "rug, low pile"
"VIFT", "scented block candle"
"VIGDIS", "cushion cover"
"VIKARE", "guard rail"
"VIKIS", "alarm clock"
"VIKT", "LED wall lamp"
"VILBORG", "curtains, 1 pair"
"VILDAPEL", "series"
"VILDKATT", "glove puppet"
"VILLIG", "scented candle with 3 wicks"
"VILMAR", "chair"
"VILMAR", "table and 4 chairs"
"VILSHULT", "picture"
"VILSHULT", "series"
"VIMMERN", "kitchen faucet with handspray"
"VINÄGER", "decorative vase"
"VINDRUVA", "greenhouse, set of 3"
"VINNA", "handle"
"VINRANKA", "duvet cover and pillowsham(s)"
"VINTER", "2015 door mat"
"VINTERBÄR", "fabric"
"VIPPARP", "wall lamp, 3-spots"
"VIPPARP", "wall lamp, 4-spots"
"VIRSERUM", "frame"
"VIRSERUM", "series"
"VISIONÄR", "decoration"
"VISIONÄR", "decoration, set of 2"
"VISIONÄR", "gift wrap decoration, set of 8"
"VISIONÄR", "hanging decoration"
"VISPAD", "colander"
"VISPAD", "mixing bowl, set of 2"
"VISSLA", "bench pad"
"VITAHULT", "wireless charging cover i4"
"VITAHULT", "wireless charging cover i5/5S"
"VITAHULT", "wireless charging cover i6"
"VITAHULT", "wireless charging cover S3"
"VITAHULT", "wireless charging cover S4"
"VITAHULT", "wireless charging cover S5"
"VITAMINER", "HJÄRTA duvet cover and pillowcase(s)"
"VITEMÖLLA", "ceiling lamp"
"VITEMÖLLA", "ceiling/wall lamp"
"VITEMÖLLA", "series"
"VITEMÖLLA", "triple ceiling spotlight"
"VITEMÖLLA", "wall lamp"
"VITFJÄRIL", "cushion cover"
"VITTEN", "rug, high pile"
"VITTSJÖ", "series"
"VITTSJÖ", "TV unit"
"VIVAN", "curtains, 1 pair"
"VOLMAR", "headrest"
"VOLMAR", "pair of armrests"
"VOLMAR", "swivel chair"
"VOLMAR", "swivel chair with armrests"
"VOLMAR", "swivel chair with headrest"
"VOLMAR", "swivel chair with headrest/armrests"
"VOLYM", "steel vacuum flask"
"VÖRDA", "series"
"VRÅLAPA", "soft toy"
"VURM", "4-bottle wine rack"
"VYSSA", "series"
"WERNA", "block-out curtains, 1 pair"
"YDBY", "door mat"
"YDDINGEN", "high cabinet"
"YDDINGEN", "sink, 1 bowl"
"YDDINGEN", "sink cabinet"
"YDDINGEN", "sink cabinet with 2 drawers"
"YDDINGEN", "sink cabinet with 2 drawers/1 door"
"YRJA", "table-runner"
"YTTRAN", "kitchen faucet"
"YTTRAN", "kitchen faucet with pull-out spout"
"YUCCA", "ELEPHANTIPES potted plant"
